CustomerID,FullName,FirstName,LastName,Email,Phone,Age,Gender,City,State,Region,Pincode,JoinDate,CustomerSegment
C0001,Kalpana Nair,Kalpana,Nair,kalpana.nair26@yahoo.com,9719835355,54,Male,Jaipur,Rajasthan,North,217473,2023-10-17,Enterprise
C0002,Lalit Gupta,Lalit,Gupta,lalit.gupta31@gmail.com,9724908867,55,Male,Guwahati,Assam,East,741262,2020-02-24,Enterprise
C0003,Usha Mishra,Usha,Mishra,usha.mishra460@gmail.com,9603488995,41,Female,Surat,Gujarat,West,842052,2022-05-15,Retail
C0004,Rekha Roy,Rekha,Roy,rekha.roy345@gmail.com,9803971919,42,Other,Pune,Maharashtra,West,486417,2024-10-01,Retail
C0005,Anita Basu,Anita,Basu,anita.basu471@gmail.com,9803224098,43,Other,Kolkata,West Bengal,East,688856,2021-08-23,Retail
C0006,Ravi Singh,Ravi,Singh,ravi.singh47@outlook.com,9642837990,37,Female,Bhopal,Madhya Pradesh,Central,215907,2022-02-17,Retail
C0007,Sanjay Kapoor,Sanjay,Kapoor,sanjay.kapoor364@gmail.com,9743332624,24,Other,Faridabad,Haryana,North,826751,2023-08-20,Retail
C0008,Kamlesh Basu,Kamlesh,Basu,kamlesh.basu251@gmail.com,9803718590,55,Male,Vadodara,Gujarat,West,781088,2023-11-10,Retail
C0009,Alok Naidu,Alok,Naidu,alok.naidu58@gmail.com,9617233684,24,Male,Nashik,Maharashtra,West,530651,2021-07-02,Enterprise
C0010,Manju Dubey,Manju,Dubey,manju.dubey218@outlook.com,9945128470,28,Male,Navi Mumbai,Maharashtra,West,259811,2021-06-26,Enterprise
C0011,Kamlesh Agarwal,Kamlesh,Agarwal,kamlesh.agarwal765@gmail.com,9913281854,28,Other,Srinagar,Jammu & Kashmir,North,489580,2021-03-25,SMB
C0012,Pooja Roy,Pooja,Roy,pooja.roy49@yahoo.com,9936857528,24,Female,Surat,Gujarat,West,823536,2022-05-14,SMB
C0013,Mukesh Qureshi,Mukesh,Qureshi,mukesh.qureshi542@gmail.com,9897010891,27,Other,Mumbai,Maharashtra,West,823328,2024-01-16,Retail
C0014,Alok Hazra,Alok,Hazra,alok.hazra349@gmail.com,9833412819,36,Other,Surat,Gujarat,West,585763,2020-01-07,Retail
C0015,Yash Nambiar,Yash,Nambiar,yash.nambiar109@outlook.com,9943033396,29,Female,Guwahati,Assam,East,748551,2021-02-11,Retail
C0016,Asha Naidu,Asha,Naidu,asha.naidu945@gmail.com,9600307034,21,Male,Gwalior,Madhya Pradesh,Central,449902,2022-09-27,Retail
C0017,Richa Pillai,Richa,Pillai,richa.pillai60@gmail.com,9904597436,51,Male,Kolkata,West Bengal,East,199814,2024-02-07,Enterprise
C0018,Alok Reddy,Alok,Reddy,alok.reddy132@hotmail.com,9688651861,47,Male,Patna,Bihar,East,663306,2024-11-21,Enterprise
C0019,Vijay Basu,Vijay,Basu,vijay.basu707@gmail.com,9767351411,43,Female,Srinagar,Jammu & Kashmir,North,814314,2023-08-23,Enterprise
C0020,Lata Nair,Lata,Nair,lata.nair254@gmail.com,9781508307,34,Other,Delhi,Delhi,North,726886,2023-02-08,Retail
C0021,Aayush Singh,Aayush,Singh,aayush.singh725@yahoo.com,9636185272,52,Male,Bangalore,Karnataka,South,456479,2020-05-25,Retail
C0022,Sheela Saxena,Sheela,Saxena,sheela.saxena220@gmail.com,9988346949,35,Female,Bareilly,Uttar Pradesh,North,714201,2022-08-26,SMB
C0023,Vivek Mehta,Vivek,Mehta,vivek.mehta100@outlook.com,9827407042,23,Male,Aurangabad,Maharashtra,West,599710,2024-11-04,Retail
C0024,Bhavna Basu,Bhavna,Basu,bhavna.basu348@yahoo.com,9733496352,48,Male,Nagpur,Maharashtra,West,309448,2023-01-03,SMB
C0025,Nisha Bose,Nisha,Bose,nisha.bose474@gmail.com,9640471954,23,Other,Amritsar,Punjab,North,687057,2020-07-19,Retail
C0026,Pooja Roy,Pooja,Roy,pooja.roy870@gmail.com,9818191887,45,Male,Chandigarh,Chandigarh,North,614740,2021-03-13,Retail
C0027,Varun Sharma,Varun,Sharma,varun.sharma400@gmail.com,9844280759,55,Female,Ludhiana,Punjab,North,553555,2023-11-27,Retail
C0028,Vivek Chopra,Vivek,Chopra,vivek.chopra223@hotmail.com,9994995888,40,Male,Hubli,Karnataka,South,173918,2024-03-11,Retail
C0029,Brijesh Rastogi,Brijesh,Rastogi,brijesh.rastogi515@hotmail.com,9684521052,31,Male,Hyderabad,Telangana,South,642496,2020-06-13,Enterprise
C0030,Arjun Mukherjee,Arjun,Mukherjee,arjun.mukherjee883@gmail.com,9664363633,22,Other,Bareilly,Uttar Pradesh,North,368175,2023-03-31,Retail
C0031,Usha Karmakar,Usha,Karmakar,usha.karmakar598@gmail.com,9769849767,40,Male,Patna,Bihar,East,324181,2023-10-03,Retail
C0032,Siddharth Reddy,Siddharth,Reddy,siddharth.reddy688@outlook.com,9769746337,26,Male,Chennai,Tamil Nadu,South,119767,2022-07-27,Enterprise
C0033,Rekha Tiwari,Rekha,Tiwari,rekha.tiwari272@gmail.com,9787372691,38,Male,Chennai,Tamil Nadu,South,366150,2022-01-26,SMB
C0034,Asha Biswas,Asha,Biswas,asha.biswas310@hotmail.com,9883972873,55,Female,Mumbai,Maharashtra,West,810305,2024-07-31,Retail
C0035,Sunita Agarwal,Sunita,Agarwal,sunita.agarwal119@hotmail.com,9897009682,33,Female,Lucknow,Uttar Pradesh,North,395577,2021-07-31,Retail
C0036,Sadhana Ganguly,Sadhana,Ganguly,sadhana.ganguly874@gmail.com,9862278540,47,Female,Patna,Bihar,East,163266,2020-07-08,Retail
C0037,Aayush Ghosh,Aayush,Ghosh,aayush.ghosh790@gmail.com,9740636163,47,Other,Surat,Gujarat,West,573298,2023-02-03,Retail
C0038,Suresh Singh,Suresh,Singh,suresh.singh968@yahoo.com,9892911559,55,Male,Bangalore,Karnataka,South,497151,2023-04-07,SMB
C0039,Deepak Gupta,Deepak,Gupta,deepak.gupta316@gmail.com,9621418396,35,Male,Meerut,Uttar Pradesh,North,330281,2023-10-28,Retail
C0040,Shanti Yadav,Shanti,Yadav,shanti.yadav906@hotmail.com,9682975191,31,Female,Visakhapatnam,Andhra Pradesh,South,280395,2024-06-26,Retail
C0041,Rajesh Mitra,Rajesh,Mitra,rajesh.mitra947@gmail.com,9821036821,30,Male,Gurugram,Haryana,North,370222,2021-06-30,SMB
C0042,Vikram Prasad,Vikram,Prasad,vikram.prasad482@gmail.com,9847123418,34,Male,Meerut,Uttar Pradesh,North,430015,2024-08-07,Retail
C0043,Umesh Verma,Umesh,Verma,umesh.verma409@gmail.com,9637269982,52,Female,Vadodara,Gujarat,West,478203,2023-08-06,Enterprise
C0044,Kunal Patel,Kunal,Patel,kunal.patel119@outlook.com,9695867867,26,Other,Mysore,Karnataka,South,388361,2020-03-19,SMB
C0045,Vinod Basu,Vinod,Basu,vinod.basu806@gmail.com,9925455898,32,Female,Guwahati,Assam,East,231263,2022-02-27,Retail
C0046,Ravi Oberoi,Ravi,Oberoi,ravi.oberoi2@gmail.com,9889079213,43,Female,Thane,Maharashtra,West,813204,2021-02-07,Retail
C0047,Sheela Nambiar,Sheela,Nambiar,sheela.nambiar339@hotmail.com,9666907706,46,Female,Agra,Uttar Pradesh,North,641756,2021-09-25,SMB
C0048,Kamla Chopra,Kamla,Chopra,kamla.chopra568@gmail.com,9825725407,31,Other,Gurugram,Haryana,North,507562,2023-10-19,Enterprise
C0049,Piyush Malhotra,Piyush,Malhotra,piyush.malhotra562@outlook.com,9754035629,40,Female,Indore,Madhya Pradesh,Central,560770,2024-05-28,SMB
C0050,Naveen Mukherjee,Naveen,Mukherjee,naveen.mukherjee219@gmail.com,9995116294,38,Other,Surat,Gujarat,West,800855,2020-06-22,Enterprise
C0051,Kunal Desai,Kunal,Desai,kunal.desai839@yahoo.com,9961204424,32,Male,Agra,Uttar Pradesh,North,345552,2024-07-09,Retail
C0052,Anita Pillai,Anita,Pillai,anita.pillai487@yahoo.com,9844499692,32,Female,Aurangabad,Maharashtra,West,770356,2023-03-24,SMB
C0053,Bhavna Pillai,Bhavna,Pillai,bhavna.pillai152@yahoo.com,9657223618,53,Female,Dhanbad,Jharkhand,East,339471,2020-12-26,Retail
C0054,Sushma Pillai,Sushma,Pillai,sushma.pillai940@outlook.com,9671585884,55,Other,Navi Mumbai,Maharashtra,West,810005,2022-12-23,Retail
C0055,Vijay Menon,Vijay,Menon,vijay.menon454@hotmail.com,9871000712,30,Female,Dhanbad,Jharkhand,East,684485,2022-07-02,SMB
C0056,Preeti Roy,Preeti,Roy,preeti.roy254@outlook.com,9879870706,37,Female,Chandigarh,Chandigarh,North,767193,2021-05-04,Retail
C0057,Manju Chopra,Manju,Chopra,manju.chopra241@gmail.com,9771642764,29,Male,Hubli,Karnataka,South,194491,2020-10-10,SMB
C0058,Sunil Joshi,Sunil,Joshi,sunil.joshi724@gmail.com,9822730506,49,Female,Aurangabad,Maharashtra,West,456954,2023-01-16,Retail
C0059,Nikhil Babu,Nikhil,Babu,nikhil.babu431@gmail.com,9913575246,44,Female,Faridabad,Haryana,North,130480,2024-10-20,Retail
C0060,Aparna Das,Aparna,Das,aparna.das772@gmail.com,9824960337,34,Female,Hubli,Karnataka,South,682661,2024-06-26,Retail
C0061,Manish Oberoi,Manish,Oberoi,manish.oberoi498@gmail.com,9780458173,45,Male,Gurugram,Haryana,North,822131,2024-06-22,SMB
C0062,Deepak Dey,Deepak,Dey,deepak.dey547@gmail.com,9811538012,21,Male,Mysore,Karnataka,South,701807,2023-09-19,SMB
C0063,Sunita Srinivas,Sunita,Srinivas,sunita.srinivas473@gmail.com,9739670356,49,Female,Varanasi,Uttar Pradesh,North,453254,2021-03-09,Retail
C0064,Pushpa Krishnan,Pushpa,Krishnan,pushpa.krishnan389@gmail.com,9826325894,21,Other,Patna,Bihar,East,195884,2022-08-21,Retail
C0065,Vinod Mishra,Vinod,Mishra,vinod.mishra666@gmail.com,9949908116,32,Male,Bangalore,Karnataka,South,142537,2021-05-21,Enterprise
C0066,Ritu Pillai,Ritu,Pillai,ritu.pillai130@gmail.com,9661412366,36,Female,Bareilly,Uttar Pradesh,North,338552,2022-08-10,Retail
C0067,Jyoti Chakraborty,Jyoti,Chakraborty,jyoti.chakraborty987@yahoo.com,9687921097,21,Female,Agra,Uttar Pradesh,North,223349,2023-03-31,Enterprise
C0068,Rajiv Nambiar,Rajiv,Nambiar,rajiv.nambiar982@gmail.com,9983870596,35,Male,Nagpur,Maharashtra,West,189688,2023-04-27,Retail
C0069,Sadhana Chakraborty,Sadhana,Chakraborty,sadhana.chakraborty825@gmail.com,9903832724,47,Female,Bangalore,Karnataka,South,474069,2022-12-27,Retail
C0070,Yash Hazra,Yash,Hazra,yash.hazra350@gmail.com,9825517319,43,Female,Chandigarh,Chandigarh,North,220665,2022-06-06,Retail
C0071,Geeta Rao,Geeta,Rao,geeta.rao752@gmail.com,9949211667,54,Female,Vadodara,Gujarat,West,755830,2024-07-13,SMB
C0072,Geeta Chandra,Geeta,Chandra,geeta.chandra749@gmail.com,9773035952,48,Male,Visakhapatnam,Andhra Pradesh,South,200872,2021-07-25,SMB
C0073,Rajan Dey,Rajan,Dey,rajan.dey685@gmail.com,9615408192,51,Male,Chandigarh,Chandigarh,North,450802,2021-01-07,Retail
C0074,Preeti Ghosh,Preeti,Ghosh,preeti.ghosh287@hotmail.com,9748320562,32,Male,Tiruchirappalli,Tamil Nadu,South,120644,2022-11-24,Retail
C0075,Naresh Nanda,Naresh,Nanda,naresh.nanda501@gmail.com,9729022929,51,Female,Faridabad,Haryana,North,609219,2023-08-15,Retail
C0076,Pooja Chopra,Pooja,Chopra,pooja.chopra227@gmail.com,9730623464,43,Female,Agra,Uttar Pradesh,North,806212,2023-04-06,Enterprise
C0077,Vidya Jain,Vidya,Jain,vidya.jain436@hotmail.com,9777592227,37,Female,Meerut,Uttar Pradesh,North,846996,2022-07-18,Retail
C0078,Shweta Nair,Shweta,Nair,shweta.nair739@gmail.com,9664185463,32,Male,Hubli,Karnataka,South,833688,2021-01-14,SMB
C0079,Seema Basu,Seema,Basu,seema.basu604@hotmail.com,9920399589,32,Female,Ludhiana,Punjab,North,215409,2024-09-01,Retail
C0080,Girish Rao,Girish,Rao,girish.rao310@gmail.com,9886761594,23,Other,Jaipur,Rajasthan,North,397636,2020-04-03,Retail
C0081,Kamla Reddy,Kamla,Reddy,kamla.reddy654@outlook.com,9655076321,50,Female,Mumbai,Maharashtra,West,711949,2021-08-05,SMB
C0082,Madhuri Rao,Madhuri,Rao,madhuri.rao989@gmail.com,9856478906,51,Male,Ahmedabad,Gujarat,West,178517,2022-03-31,Enterprise
C0083,Shailesh Mukherjee,Shailesh,Mukherjee,shailesh.mukherjee55@gmail.com,9902172204,27,Other,Agra,Uttar Pradesh,North,199318,2021-05-23,SMB
C0084,Jyoti Chakraborty,Jyoti,Chakraborty,jyoti.chakraborty810@hotmail.com,9804213899,47,Female,Amritsar,Punjab,North,574226,2021-08-31,Enterprise
C0085,Veena Iyer,Veena,Iyer,veena.iyer625@yahoo.com,9711555281,25,Male,Bhubaneswar,Odisha,East,331275,2021-06-25,Retail
C0086,Rajesh Yadav,Rajesh,Yadav,rajesh.yadav77@gmail.com,9819321201,50,Female,Amritsar,Punjab,North,832858,2023-05-01,Retail
C0087,Shweta Chopra,Shweta,Chopra,shweta.chopra724@gmail.com,9843756212,36,Other,Chennai,Tamil Nadu,South,830775,2021-04-23,Retail
C0088,Lalit Nair,Lalit,Nair,lalit.nair558@gmail.com,9679988072,23,Male,Vadodara,Gujarat,West,259145,2020-05-26,Retail
C0089,Mukesh Mitra,Mukesh,Mitra,mukesh.mitra845@gmail.com,9754946631,39,Female,Amritsar,Punjab,North,240394,2022-08-17,Retail
C0090,Yash Vyas,Yash,Vyas,yash.vyas506@gmail.com,9921068488,40,Other,Bangalore,Karnataka,South,563014,2024-02-13,Retail
C0091,Sneha Desai,Sneha,Desai,sneha.desai235@hotmail.com,9915209223,37,Other,Delhi,Delhi,North,814938,2024-08-09,Retail
C0092,Pushpa Roy,Pushpa,Roy,pushpa.roy180@gmail.com,9949776495,47,Female,Amritsar,Punjab,North,401668,2021-01-06,Retail
C0093,Chetan Jain,Chetan,Jain,chetan.jain419@gmail.com,9959775190,46,Female,Pune,Maharashtra,West,278637,2021-11-06,Retail
C0094,Umesh Malhotra,Umesh,Malhotra,umesh.malhotra834@yahoo.com,9844182802,40,Male,Kolkata,West Bengal,East,439795,2021-05-31,SMB
C0095,Shruti Chandra,Shruti,Chandra,shruti.chandra2@hotmail.com,9848021663,53,Female,Aurangabad,Maharashtra,West,166837,2021-01-19,Enterprise
C0096,Vijay Saxena,Vijay,Saxena,vijay.saxena641@gmail.com,9627708863,28,Female,Indore,Madhya Pradesh,Central,390028,2023-01-29,SMB
C0097,Kamla Saxena,Kamla,Saxena,kamla.saxena125@gmail.com,9938240632,30,Female,Gwalior,Madhya Pradesh,Central,360921,2023-12-24,Enterprise
C0098,Priya Yadav,Priya,Yadav,priya.yadav418@gmail.com,9660913975,29,Female,Navi Mumbai,Maharashtra,West,233172,2023-08-19,Retail
C0099,Shruti Biswas,Shruti,Biswas,shruti.biswas280@gmail.com,9859039987,55,Male,Kochi,Kerala,South,365570,2022-07-24,SMB
C0100,Vivek Nambiar,Vivek,Nambiar,vivek.nambiar614@gmail.com,9673287358,46,Female,Chennai,Tamil Nadu,South,399666,2024-05-01,Enterprise
C0101,Manish Chandra,Manish,Chandra,manish.chandra3@gmail.com,9760285951,51,Male,Mysore,Karnataka,South,718093,2023-09-13,SMB
C0102,Kamlesh Rastogi,Kamlesh,Rastogi,kamlesh.rastogi354@gmail.com,9891751795,32,Male,Varanasi,Uttar Pradesh,North,587463,2021-10-21,Enterprise
C0103,Aarti Mishra,Aarti,Mishra,aarti.mishra877@yahoo.com,9770819615,44,Female,Kochi,Kerala,South,849485,2024-07-19,Retail
C0104,Sangita Gupta,Sangita,Gupta,sangita.gupta130@gmail.com,9916850705,48,Male,Coimbatore,Tamil Nadu,South,215239,2024-11-25,Enterprise
C0105,Hemant Sharma,Hemant,Sharma,hemant.sharma740@gmail.com,9951533045,36,Female,Lucknow,Uttar Pradesh,North,188463,2022-08-19,Enterprise
C0106,Sunil Malhotra,Sunil,Malhotra,sunil.malhotra666@gmail.com,9776397305,40,Female,Thane,Maharashtra,West,669543,2022-02-17,Enterprise
C0107,Vikram Dey,Vikram,Dey,vikram.dey71@gmail.com,9967434220,25,Female,Ludhiana,Punjab,North,348536,2024-03-09,Retail
C0108,Pushpa Ganguly,Pushpa,Ganguly,pushpa.ganguly721@outlook.com,9689316412,22,Female,Faridabad,Haryana,North,424012,2020-02-29,Retail
C0109,Smita Jain,Smita,Jain,smita.jain384@gmail.com,9731102499,31,Male,Solapur,Maharashtra,West,542067,2023-03-05,Retail
C0110,Rohit Dey,Rohit,Dey,rohit.dey892@gmail.com,9966755085,29,Male,Visakhapatnam,Andhra Pradesh,South,631841,2023-04-09,SMB
C0111,Kalpana Agarwal,Kalpana,Agarwal,kalpana.agarwal471@gmail.com,9605045206,54,Male,Navi Mumbai,Maharashtra,West,411603,2023-10-19,Retail
C0112,Naveen Jain,Naveen,Jain,naveen.jain602@gmail.com,9827799127,39,Male,Faridabad,Haryana,North,372246,2022-07-24,SMB
C0113,Radha Mehta,Radha,Mehta,radha.mehta243@gmail.com,9792714730,38,Male,Bareilly,Uttar Pradesh,North,420244,2023-12-03,SMB
C0114,Seema Sharma,Seema,Sharma,seema.sharma580@hotmail.com,9626330428,38,Male,Gwalior,Madhya Pradesh,Central,630856,2024-09-01,Enterprise
C0115,Aparna Mishra,Aparna,Mishra,aparna.mishra652@gmail.com,9734554237,28,Male,Thane,Maharashtra,West,801201,2023-10-26,Retail
C0116,Richa Raju,Richa,Raju,richa.raju452@gmail.com,9795883382,40,Female,Jaipur,Rajasthan,North,204511,2021-08-27,Retail
C0117,Swati Reddy,Swati,Reddy,swati.reddy806@gmail.com,9796418266,30,Female,Solapur,Maharashtra,West,636169,2021-07-12,SMB
C0118,Smita Mitra,Smita,Mitra,smita.mitra892@gmail.com,9661831266,34,Female,Navi Mumbai,Maharashtra,West,188957,2020-10-15,Enterprise
C0119,Girish Desai,Girish,Desai,girish.desai810@gmail.com,9741980118,43,Female,Hubli,Karnataka,South,239592,2022-07-20,Enterprise
C0120,Varun Chandra,Varun,Chandra,varun.chandra654@yahoo.com,9962300116,55,Female,Bhopal,Madhya Pradesh,Central,604379,2020-02-21,Enterprise
C0121,Arun Hazra,Arun,Hazra,arun.hazra65@outlook.com,9976387939,27,Male,Agra,Uttar Pradesh,North,790776,2022-04-16,Retail
C0122,Vikram Das,Vikram,Das,vikram.das505@gmail.com,9726057305,49,Female,Hubli,Karnataka,South,252254,2022-03-06,Enterprise
C0123,Usha Banerjee,Usha,Banerjee,usha.banerjee761@outlook.com,9951608518,46,Female,Pune,Maharashtra,West,623117,2023-06-14,Retail
C0124,Sunil Kapoor,Sunil,Kapoor,sunil.kapoor223@gmail.com,9726762007,43,Other,Rajkot,Gujarat,West,214180,2023-11-05,Retail
C0125,Divya Malhotra,Divya,Malhotra,divya.malhotra283@gmail.com,9665583999,33,Other,Navi Mumbai,Maharashtra,West,206126,2023-09-19,Retail
C0126,Karan Raju,Karan,Raju,karan.raju342@gmail.com,9667604868,55,Male,Bareilly,Uttar Pradesh,North,325173,2020-05-20,Enterprise
C0127,Rekha Chandra,Rekha,Chandra,rekha.chandra891@gmail.com,9679217544,29,Male,Gwalior,Madhya Pradesh,Central,112973,2021-07-21,Enterprise
C0128,Gaurav Murthy,Gaurav,Murthy,gaurav.murthy179@gmail.com,9613840614,35,Other,Jaipur,Rajasthan,North,125582,2022-01-03,Retail
C0129,Rahul Rao,Rahul,Rao,rahul.rao272@gmail.com,9998206851,24,Female,Aurangabad,Maharashtra,West,661640,2020-08-20,SMB
C0130,Shanti Kapoor,Shanti,Kapoor,shanti.kapoor526@gmail.com,9842668563,22,Other,Guwahati,Assam,East,342311,2023-06-13,Retail
C0131,Hemant Hazra,Hemant,Hazra,hemant.hazra988@gmail.com,9857151453,26,Female,Srinagar,Jammu & Kashmir,North,556980,2023-11-06,SMB
C0132,Meera Menon,Meera,Menon,meera.menon83@gmail.com,9679636119,55,Female,Chennai,Tamil Nadu,South,242321,2021-07-17,SMB
C0133,Mukesh Upadhyay,Mukesh,Upadhyay,mukesh.upadhyay302@gmail.com,9925036034,27,Other,Dhanbad,Jharkhand,East,213996,2024-06-12,Retail
C0134,Geeta Pandey,Geeta,Pandey,geeta.pandey910@gmail.com,9781962524,26,Female,Navi Mumbai,Maharashtra,West,528098,2022-05-01,SMB
C0135,Abhishek Karmakar,Abhishek,Karmakar,abhishek.karmakar262@gmail.com,9681947397,25,Male,Thane,Maharashtra,West,607305,2020-05-17,Retail
C0136,Geeta Mehta,Geeta,Mehta,geeta.mehta763@yahoo.com,9898699264,55,Female,Hyderabad,Telangana,South,724953,2023-02-24,Retail
C0137,Harish Jain,Harish,Jain,harish.jain895@outlook.com,9987116504,39,Female,Hyderabad,Telangana,South,411601,2023-05-14,Retail
C0138,Sarita Tiwari,Sarita,Tiwari,sarita.tiwari218@gmail.com,9858873463,55,Female,Bhopal,Madhya Pradesh,Central,223475,2021-12-18,Retail
C0139,Pushpa Bose,Pushpa,Bose,pushpa.bose588@gmail.com,9830377969,55,Male,Tiruchirappalli,Tamil Nadu,South,761924,2023-06-10,Enterprise
C0140,Umesh Babu,Umesh,Babu,umesh.babu711@gmail.com,9696860142,39,Female,Vadodara,Gujarat,West,846833,2024-04-10,Retail
C0141,Aayush Rao,Aayush,Rao,aayush.rao891@gmail.com,9952909212,21,Male,Srinagar,Jammu & Kashmir,North,182965,2020-10-17,Enterprise
C0142,Rekha Lal,Rekha,Lal,rekha.lal430@gmail.com,9684508460,40,Other,Rajkot,Gujarat,West,436775,2024-01-17,Enterprise
C0143,Rohit Krishnan,Rohit,Krishnan,rohit.krishnan54@gmail.com,9931699349,37,Female,Hyderabad,Telangana,South,816707,2020-06-16,SMB
C0144,Pratik Chakraborty,Pratik,Chakraborty,pratik.chakraborty453@gmail.com,9715732707,47,Male,Guwahati,Assam,East,229346,2021-12-07,Retail
C0145,Rajiv Mukherjee,Rajiv,Mukherjee,rajiv.mukherjee608@gmail.com,9958164066,45,Other,Agra,Uttar Pradesh,North,157623,2021-03-27,Retail
C0146,Aayush Shah,Aayush,Shah,aayush.shah309@yahoo.com,9737180991,20,Female,Ludhiana,Punjab,North,454061,2020-09-02,SMB
C0147,Rajesh Reddy,Rajesh,Reddy,rajesh.reddy390@gmail.com,9723539748,42,Male,Guwahati,Assam,East,695864,2024-09-02,SMB
C0148,Ajay Gupta,Ajay,Gupta,ajay.gupta447@gmail.com,9641802168,45,Female,Nashik,Maharashtra,West,713727,2022-05-29,Retail
C0149,Suresh Malhotra,Suresh,Malhotra,suresh.malhotra22@yahoo.com,9931853473,25,Female,Navi Mumbai,Maharashtra,West,833108,2022-01-11,Retail
C0150,Pallavi Oberoi,Pallavi,Oberoi,pallavi.oberoi604@gmail.com,9642223335,41,Male,Srinagar,Jammu & Kashmir,North,435346,2024-03-07,Retail
C0151,Shanti Kumar,Shanti,Kumar,shanti.kumar79@gmail.com,9661217586,42,Female,Solapur,Maharashtra,West,644723,2021-02-01,Retail
C0152,Sachin Mehta,Sachin,Mehta,sachin.mehta150@gmail.com,9693146579,24,Male,Gwalior,Madhya Pradesh,Central,270295,2024-04-05,SMB
C0153,Sudha Roy,Sudha,Roy,sudha.roy578@outlook.com,9965680748,40,Female,Bareilly,Uttar Pradesh,North,784225,2023-07-25,Retail
C0154,Naveen Singh,Naveen,Singh,naveen.singh481@gmail.com,9762575482,42,Other,Vadodara,Gujarat,West,730148,2020-04-25,Retail
C0155,Richa Qureshi,Richa,Qureshi,richa.qureshi463@gmail.com,9797964490,25,Other,Ludhiana,Punjab,North,190458,2023-08-13,Enterprise
C0156,Yash Lal,Yash,Lal,yash.lal474@gmail.com,9996705213,32,Female,Bangalore,Karnataka,South,581579,2024-07-16,Enterprise
C0157,Chetan Tiwari,Chetan,Tiwari,chetan.tiwari155@outlook.com,9655567147,31,Male,Coimbatore,Tamil Nadu,South,198425,2022-10-30,Retail
C0158,Ravi Pandey,Ravi,Pandey,ravi.pandey450@gmail.com,9927386786,38,Female,Surat,Gujarat,West,491574,2022-02-02,SMB
C0159,Shanti Ghosh,Shanti,Ghosh,shanti.ghosh696@gmail.com,9938704651,41,Male,Noida,Uttar Pradesh,North,460905,2020-05-14,Enterprise
C0160,Rajiv Lal,Rajiv,Lal,rajiv.lal291@gmail.com,9952490156,25,Other,Gwalior,Madhya Pradesh,Central,267677,2021-11-13,Retail
C0161,Vinod Das,Vinod,Das,vinod.das991@hotmail.com,9810430840,25,Female,Jaipur,Rajasthan,North,733945,2023-12-22,Enterprise
C0162,Varun Hazra,Varun,Hazra,varun.hazra811@gmail.com,9668608752,53,Male,Gurugram,Haryana,North,846971,2024-08-24,SMB
C0163,Shruti Kapoor,Shruti,Kapoor,shruti.kapoor19@gmail.com,9696777917,51,Male,Indore,Madhya Pradesh,Central,468332,2024-04-18,Retail
C0164,Sunita Joshi,Sunita,Joshi,sunita.joshi80@gmail.com,9654299533,53,Male,Guwahati,Assam,East,675990,2024-09-06,Retail
C0165,Alok Dey,Alok,Dey,alok.dey135@gmail.com,9682813821,30,Female,Surat,Gujarat,West,299630,2024-08-29,Retail
C0166,Harish Kapoor,Harish,Kapoor,harish.kapoor693@outlook.com,9927810920,54,Male,Ludhiana,Punjab,North,580735,2021-04-24,Retail
C0167,Chetan Menon,Chetan,Menon,chetan.menon856@gmail.com,9964163202,38,Female,Bareilly,Uttar Pradesh,North,571999,2022-08-03,Enterprise
C0168,Vidya Nanda,Vidya,Nanda,vidya.nanda990@gmail.com,9707211903,36,Male,Gwalior,Madhya Pradesh,Central,255121,2024-11-22,SMB
C0169,Monika Yadav,Monika,Yadav,monika.yadav957@gmail.com,9876976742,30,Female,Ahmedabad,Gujarat,West,408910,2020-06-20,SMB
C0170,Shruti Joshi,Shruti,Joshi,shruti.joshi851@gmail.com,9719205747,46,Male,Amritsar,Punjab,North,476566,2020-02-24,SMB
C0171,Yash Kapoor,Yash,Kapoor,yash.kapoor242@gmail.com,9643811585,40,Male,Rajkot,Gujarat,West,345445,2020-02-27,Retail
C0172,Manoj Reddy,Manoj,Reddy,manoj.reddy40@gmail.com,9853647309,50,Female,Faridabad,Haryana,North,255534,2024-04-03,Enterprise
C0173,Aayush Menon,Aayush,Menon,aayush.menon82@gmail.com,9715778757,53,Female,Lucknow,Uttar Pradesh,North,685462,2024-01-29,Retail
C0174,Shanti Chopra,Shanti,Chopra,shanti.chopra244@gmail.com,9625635288,49,Male,Visakhapatnam,Andhra Pradesh,South,550218,2023-08-01,Retail
C0175,Sangita Chakraborty,Sangita,Chakraborty,sangita.chakraborty549@gmail.com,9876690238,29,Female,Bareilly,Uttar Pradesh,North,363690,2024-01-11,SMB
C0176,Aayush Dey,Aayush,Dey,aayush.dey362@gmail.com,9823643027,25,Other,Kanpur,Uttar Pradesh,North,806643,2023-09-30,Retail
C0177,Arjun Upadhyay,Arjun,Upadhyay,arjun.upadhyay558@gmail.com,9872527802,50,Male,Tiruchirappalli,Tamil Nadu,South,131322,2022-03-10,SMB
C0178,Monika Agarwal,Monika,Agarwal,monika.agarwal766@gmail.com,9636270760,26,Other,Meerut,Uttar Pradesh,North,362838,2024-02-10,Retail
C0179,Sunita Gupta,Sunita,Gupta,sunita.gupta361@gmail.com,9945098270,50,Male,Kanpur,Uttar Pradesh,North,827941,2022-08-09,Retail
C0180,Arjun Biswas,Arjun,Biswas,arjun.biswas795@yahoo.com,9757540783,32,Male,Nagpur,Maharashtra,West,155934,2024-06-08,Retail
C0181,Richa Tiwari,Richa,Tiwari,richa.tiwari408@hotmail.com,9854154564,32,Female,Patna,Bihar,East,148399,2024-03-22,Retail
C0182,Shanti Iyer,Shanti,Iyer,shanti.iyer887@outlook.com,9666827009,45,Female,Rajkot,Gujarat,West,568176,2024-12-26,SMB
C0183,Madhuri Rao,Madhuri,Rao,madhuri.rao509@outlook.com,9878784100,47,Male,Vadodara,Gujarat,West,196624,2024-01-29,SMB
C0184,Jyoti Chandra,Jyoti,Chandra,jyoti.chandra185@gmail.com,9772449074,38,Female,Pune,Maharashtra,West,193958,2021-11-02,SMB
C0185,Jyoti Biswas,Jyoti,Biswas,jyoti.biswas437@gmail.com,9838321498,42,Other,Meerut,Uttar Pradesh,North,578849,2020-03-27,SMB
C0186,Seema Ganguly,Seema,Ganguly,seema.ganguly811@yahoo.com,9960339106,52,Male,Bhubaneswar,Odisha,East,535942,2022-01-14,Retail
C0187,Manoj Prasad,Manoj,Prasad,manoj.prasad623@outlook.com,9618682554,43,Female,Jaipur,Rajasthan,North,180499,2021-04-28,SMB
C0188,Rajan Gupta,Rajan,Gupta,rajan.gupta620@gmail.com,9841550338,24,Other,Rajkot,Gujarat,West,500084,2022-06-28,Retail
C0189,Vidya Kapoor,Vidya,Kapoor,vidya.kapoor408@gmail.com,9749620431,31,Female,Visakhapatnam,Andhra Pradesh,South,228959,2020-02-23,Enterprise
C0190,Aarti Nambiar,Aarti,Nambiar,aarti.nambiar576@gmail.com,9739742004,38,Female,Amritsar,Punjab,North,334993,2023-06-07,Retail
C0191,Kavita Reddy,Kavita,Reddy,kavita.reddy874@gmail.com,9692694177,40,Female,Amritsar,Punjab,North,202055,2024-07-17,Retail
C0192,Nitin Vyas,Nitin,Vyas,nitin.vyas298@yahoo.com,9982149600,43,Other,Faridabad,Haryana,North,778676,2020-12-22,Retail
C0193,Kavita Verma,Kavita,Verma,kavita.verma812@gmail.com,9865226009,43,Female,Delhi,Delhi,North,488427,2023-02-08,Enterprise
C0194,Deepak Dey,Deepak,Dey,deepak.dey906@gmail.com,9766049191,46,Female,Srinagar,Jammu & Kashmir,North,611916,2022-12-12,Enterprise
C0195,Meera Reddy,Meera,Reddy,meera.reddy996@gmail.com,9639817040,53,Female,Amritsar,Punjab,North,598461,2023-10-24,Retail
C0196,Shanti Yadav,Shanti,Yadav,shanti.yadav656@gmail.com,9669274043,23,Male,Dhanbad,Jharkhand,East,637290,2024-11-13,Enterprise
C0197,Ritu Das,Ritu,Das,ritu.das169@gmail.com,9980819791,38,Male,Bhopal,Madhya Pradesh,Central,472831,2022-11-28,Retail
C0198,Swati Ganguly,Swati,Ganguly,swati.ganguly980@gmail.com,9667200288,54,Male,Bhubaneswar,Odisha,East,427534,2023-06-12,Enterprise
C0199,Mahesh Kumar,Mahesh,Kumar,mahesh.kumar607@yahoo.com,9691912633,41,Other,Gurugram,Haryana,North,764813,2024-01-15,Retail
C0200,Sneha Desai,Sneha,Desai,sneha.desai47@hotmail.com,9742086056,46,Other,Noida,Uttar Pradesh,North,331048,2024-04-19,Retail
C0201,Sangita Krishnan,Sangita,Krishnan,sangita.krishnan643@gmail.com,9944621350,45,Female,Agra,Uttar Pradesh,North,616404,2021-05-16,SMB
C0202,Meera Sen,Meera,Sen,meera.sen62@gmail.com,9823135225,41,Other,Kochi,Kerala,South,597002,2021-02-21,Retail
C0203,Abhishek Srinivas,Abhishek,Srinivas,abhishek.srinivas736@gmail.com,9785419405,43,Other,Srinagar,Jammu & Kashmir,North,247118,2024-04-06,Enterprise
C0204,Neha Dubey,Neha,Dubey,neha.dubey248@gmail.com,9743597762,26,Male,Amritsar,Punjab,North,369961,2020-10-15,Retail
C0205,Aarti Srinivas,Aarti,Srinivas,aarti.srinivas631@gmail.com,9685738103,40,Male,Nashik,Maharashtra,West,715748,2024-01-16,Retail
C0206,Sangita Tiwari,Sangita,Tiwari,sangita.tiwari479@gmail.com,9765646409,45,Other,Chandigarh,Chandigarh,North,134302,2020-07-03,SMB
C0207,Sachin Shah,Sachin,Shah,sachin.shah598@gmail.com,9627133673,50,Female,Ludhiana,Punjab,North,628934,2023-05-08,Enterprise
C0208,Priya Prasad,Priya,Prasad,priya.prasad111@gmail.com,9741987804,22,Female,Rajkot,Gujarat,West,532842,2022-01-19,Retail
C0209,Rajan Yadav,Rajan,Yadav,rajan.yadav200@gmail.com,9754941858,48,Other,Chennai,Tamil Nadu,South,515116,2022-10-29,Retail
C0210,Veena Mukherjee,Veena,Mukherjee,veena.mukherjee626@gmail.com,9651905477,41,Other,Srinagar,Jammu & Kashmir,North,501326,2024-06-15,Retail
C0211,Vijay Joshi,Vijay,Joshi,vijay.joshi204@outlook.com,9868477282,28,Female,Bangalore,Karnataka,South,157504,2020-03-20,SMB
C0212,Dinesh Qureshi,Dinesh,Qureshi,dinesh.qureshi153@hotmail.com,9675044347,30,Female,Nashik,Maharashtra,West,752848,2021-10-14,Enterprise
C0213,Ajay Babu,Ajay,Babu,ajay.babu307@gmail.com,9872362658,39,Female,Guwahati,Assam,East,668198,2022-09-30,Retail
C0214,Monika Ghosh,Monika,Ghosh,monika.ghosh690@gmail.com,9823628354,21,Other,Mysore,Karnataka,South,432623,2024-06-19,SMB
C0215,Preeti Hazra,Preeti,Hazra,preeti.hazra802@hotmail.com,9910115104,50,Male,Bhopal,Madhya Pradesh,Central,163849,2023-04-10,Enterprise
C0216,Shailesh Basu,Shailesh,Basu,shailesh.basu635@outlook.com,9679336479,27,Male,Thane,Maharashtra,West,363961,2020-03-05,Retail
C0217,Naveen Dubey,Naveen,Dubey,naveen.dubey429@gmail.com,9970709507,50,Male,Indore,Madhya Pradesh,Central,540311,2022-10-24,Retail
C0218,Dinesh Shah,Dinesh,Shah,dinesh.shah575@gmail.com,9955530307,40,Male,Kochi,Kerala,South,661002,2022-02-10,SMB
C0219,Kamlesh Ghosh,Kamlesh,Ghosh,kamlesh.ghosh560@gmail.com,9987043425,36,Other,Thane,Maharashtra,West,784558,2024-07-03,SMB
C0220,Vivek Pillai,Vivek,Pillai,vivek.pillai286@gmail.com,9720724569,33,Female,Agra,Uttar Pradesh,North,413042,2023-12-14,Retail
C0221,Radha Jain,Radha,Jain,radha.jain574@hotmail.com,9746811397,54,Female,Ludhiana,Punjab,North,237794,2023-03-20,SMB
C0222,Vinod Naidu,Vinod,Naidu,vinod.naidu824@gmail.com,9622584272,48,Female,Ludhiana,Punjab,North,192868,2021-12-10,SMB
C0223,Rekha Verma,Rekha,Verma,rekha.verma848@gmail.com,9901731126,26,Other,Faridabad,Haryana,North,394815,2020-10-08,Enterprise
C0224,Sachin Pillai,Sachin,Pillai,sachin.pillai52@hotmail.com,9721156543,26,Female,Bhubaneswar,Odisha,East,354146,2020-04-17,Retail
C0225,Manju Rastogi,Manju,Rastogi,manju.rastogi103@yahoo.com,9602781764,50,Female,Tiruchirappalli,Tamil Nadu,South,275613,2022-04-13,Retail
C0226,Vijay Chopra,Vijay,Chopra,vijay.chopra329@gmail.com,9631762671,34,Other,Kolkata,West Bengal,East,793984,2023-03-21,Retail
C0227,Rajesh Nanda,Rajesh,Nanda,rajesh.nanda904@yahoo.com,9813134837,38,Male,Chandigarh,Chandigarh,North,305361,2024-03-13,Retail
C0228,Piyush Zutshi,Piyush,Zutshi,piyush.zutshi618@gmail.com,9779874367,54,Other,Ludhiana,Punjab,North,586419,2023-08-06,SMB
C0229,Sunita Prasad,Sunita,Prasad,sunita.prasad517@gmail.com,9703514831,49,Female,Ahmedabad,Gujarat,West,456747,2020-11-28,Retail
C0230,Priya Mitra,Priya,Mitra,priya.mitra346@hotmail.com,9962066354,45,Female,Nagpur,Maharashtra,West,294019,2023-06-05,Enterprise
C0231,Tanvi Desai,Tanvi,Desai,tanvi.desai411@yahoo.com,9675490426,20,Female,Kochi,Kerala,South,449320,2021-05-23,SMB
C0232,Sachin Pandey,Sachin,Pandey,sachin.pandey772@gmail.com,9776966236,20,Female,Agra,Uttar Pradesh,North,720754,2024-01-20,Retail
C0233,Sunil Pillai,Sunil,Pillai,sunil.pillai64@outlook.com,9764715401,52,Female,Surat,Gujarat,West,535110,2023-11-06,Retail
C0234,Kalpana Nambiar,Kalpana,Nambiar,kalpana.nambiar964@gmail.com,9929974525,50,Male,Bhopal,Madhya Pradesh,Central,339772,2020-09-30,SMB
C0235,Seema Chakraborty,Seema,Chakraborty,seema.chakraborty383@gmail.com,9894868029,33,Male,Kochi,Kerala,South,673628,2024-06-30,Enterprise
C0236,Rohit Upadhyay,Rohit,Upadhyay,rohit.upadhyay458@gmail.com,9794231772,23,Other,Chennai,Tamil Nadu,South,701573,2020-08-17,Enterprise
C0237,Swati Zutshi,Swati,Zutshi,swati.zutshi550@gmail.com,9776156812,33,Other,Solapur,Maharashtra,West,573303,2020-08-26,SMB
C0238,Pooja Menon,Pooja,Menon,pooja.menon523@gmail.com,9629869246,46,Female,Navi Mumbai,Maharashtra,West,248353,2022-11-17,Enterprise
C0239,Divya Yadav,Divya,Yadav,divya.yadav474@outlook.com,9988308039,20,Male,Delhi,Delhi,North,525182,2021-06-05,Enterprise
C0240,Meera Gupta,Meera,Gupta,meera.gupta434@gmail.com,9634230842,50,Male,Hubli,Karnataka,South,173182,2020-05-21,Retail
C0241,Harish Rao,Harish,Rao,harish.rao788@gmail.com,9944416111,44,Female,Noida,Uttar Pradesh,North,550781,2022-02-05,SMB
C0242,Varun Desai,Varun,Desai,varun.desai700@hotmail.com,9671398357,31,Other,Noida,Uttar Pradesh,North,474663,2020-08-30,SMB
C0243,Vidya Reddy,Vidya,Reddy,vidya.reddy746@yahoo.com,9612205932,54,Female,Agra,Uttar Pradesh,North,595494,2023-10-11,Enterprise
C0244,Varun Chandra,Varun,Chandra,varun.chandra236@gmail.com,9785843094,27,Male,Lucknow,Uttar Pradesh,North,399039,2021-01-21,SMB
C0245,Ramesh Naidu,Ramesh,Naidu,ramesh.naidu959@yahoo.com,9729206732,22,Female,Indore,Madhya Pradesh,Central,180559,2020-07-25,Enterprise
C0246,Rajiv Biswas,Rajiv,Biswas,rajiv.biswas894@gmail.com,9997574965,34,Other,Bangalore,Karnataka,South,531805,2022-06-17,Retail
C0247,Vijay Srinivas,Vijay,Srinivas,vijay.srinivas795@gmail.com,9870527022,40,Other,Ludhiana,Punjab,North,355536,2024-07-28,Enterprise
C0248,Alok Mukherjee,Alok,Mukherjee,alok.mukherjee839@gmail.com,9762008547,34,Female,Lucknow,Uttar Pradesh,North,802282,2022-12-03,Retail
C0249,Seema Iyer,Seema,Iyer,seema.iyer571@hotmail.com,9694023915,55,Female,Bhubaneswar,Odisha,East,821721,2022-05-24,Retail
C0250,Vinod Hazra,Vinod,Hazra,vinod.hazra688@gmail.com,9881568960,46,Male,Nashik,Maharashtra,West,840132,2022-05-02,Retail
C0251,Varun Rao,Varun,Rao,varun.rao773@gmail.com,9729368809,29,Female,Bhopal,Madhya Pradesh,Central,425344,2024-10-22,Retail
C0252,Sushma Nanda,Sushma,Nanda,sushma.nanda992@gmail.com,9884537188,36,Male,Jaipur,Rajasthan,North,517286,2021-05-12,Retail
C0253,Mahesh Desai,Mahesh,Desai,mahesh.desai945@gmail.com,9799220713,32,Male,Kolkata,West Bengal,East,671654,2024-01-23,Retail
C0254,Varun Mukherjee,Varun,Mukherjee,varun.mukherjee620@yahoo.com,9701019398,33,Female,Mysore,Karnataka,South,814066,2023-02-18,Retail
C0255,Kunal Das,Kunal,Das,kunal.das980@yahoo.com,9702018193,33,Female,Ahmedabad,Gujarat,West,612184,2021-05-11,Retail
C0256,Nitin Dubey,Nitin,Dubey,nitin.dubey795@gmail.com,9850316310,39,Female,Hubli,Karnataka,South,790233,2022-01-05,Retail
C0257,Shruti Krishnan,Shruti,Krishnan,shruti.krishnan510@gmail.com,9987842833,43,Female,Kochi,Kerala,South,445788,2021-02-20,SMB
C0258,Anita Zutshi,Anita,Zutshi,anita.zutshi885@gmail.com,9678341660,46,Female,Delhi,Delhi,North,383441,2023-02-07,Retail
C0259,Swati Ghosh,Swati,Ghosh,swati.ghosh236@gmail.com,9731925296,41,Female,Chandigarh,Chandigarh,North,687390,2023-09-02,SMB
C0260,Naresh Hazra,Naresh,Hazra,naresh.hazra758@gmail.com,9690319750,54,Female,Meerut,Uttar Pradesh,North,287487,2020-10-13,Retail
C0261,Asha Hazra,Asha,Hazra,asha.hazra981@gmail.com,9618158991,20,Female,Chennai,Tamil Nadu,South,810674,2020-04-09,Retail
C0262,Shailesh Mishra,Shailesh,Mishra,shailesh.mishra70@yahoo.com,9717424229,23,Other,Guwahati,Assam,East,588160,2022-02-03,Enterprise
C0263,Radha Karmakar,Radha,Karmakar,radha.karmakar500@gmail.com,9885729400,21,Other,Tiruchirappalli,Tamil Nadu,South,541319,2020-01-25,Retail
C0264,Kamlesh Chopra,Kamlesh,Chopra,kamlesh.chopra18@gmail.com,9974660237,31,Male,Thane,Maharashtra,West,561488,2024-07-09,Retail
C0265,Vidya Joshi,Vidya,Joshi,vidya.joshi247@gmail.com,9882638906,45,Male,Patna,Bihar,East,481658,2021-07-01,Retail
C0266,Bhavna Qureshi,Bhavna,Qureshi,bhavna.qureshi579@gmail.com,9974325896,25,Male,Bhopal,Madhya Pradesh,Central,424546,2023-11-01,Retail
C0267,Bhavna Lal,Bhavna,Lal,bhavna.lal387@gmail.com,9630126477,30,Male,Bhubaneswar,Odisha,East,119909,2023-12-10,SMB
C0268,Geeta Hazra,Geeta,Hazra,geeta.hazra804@gmail.com,9651196994,33,Other,Solapur,Maharashtra,West,154618,2021-04-15,SMB
C0269,Manish Gupta,Manish,Gupta,manish.gupta947@gmail.com,9750524113,22,Male,Hubli,Karnataka,South,700882,2023-09-09,Retail
C0270,Rahul Shah,Rahul,Shah,rahul.shah602@gmail.com,9982634017,30,Other,Srinagar,Jammu & Kashmir,North,190674,2021-09-04,Retail
C0271,Rajan Babu,Rajan,Babu,rajan.babu870@gmail.com,9890212247,28,Male,Coimbatore,Tamil Nadu,South,512491,2024-03-27,Enterprise
C0272,Seema Jain,Seema,Jain,seema.jain55@gmail.com,9724631361,45,Female,Chennai,Tamil Nadu,South,467137,2023-05-24,Retail
C0273,Kalpana Bose,Kalpana,Bose,kalpana.bose803@outlook.com,9722480865,47,Male,Meerut,Uttar Pradesh,North,689902,2022-02-07,Enterprise
C0274,Umesh Lal,Umesh,Lal,umesh.lal88@outlook.com,9732311718,29,Female,Chennai,Tamil Nadu,South,196023,2021-07-02,Retail
C0275,Ajay Lal,Ajay,Lal,ajay.lal325@gmail.com,9649134659,43,Female,Mumbai,Maharashtra,West,433241,2022-06-29,Retail
C0276,Deepak Desai,Deepak,Desai,deepak.desai192@gmail.com,9899029060,26,Male,Tiruchirappalli,Tamil Nadu,South,647333,2022-04-15,Retail
C0277,Aparna Yadav,Aparna,Yadav,aparna.yadav96@gmail.com,9774177204,46,Female,Varanasi,Uttar Pradesh,North,122940,2021-08-20,Retail
C0278,Naresh Menon,Naresh,Menon,naresh.menon573@yahoo.com,9907068916,44,Male,Solapur,Maharashtra,West,287820,2023-11-04,Retail
C0279,Manish Das,Manish,Das,manish.das275@gmail.com,9633966294,46,Female,Surat,Gujarat,West,565791,2021-07-19,SMB
C0280,Meera Kapoor,Meera,Kapoor,meera.kapoor258@hotmail.com,9935562405,32,Female,Chandigarh,Chandigarh,North,732651,2023-06-16,Retail
C0281,Sunita Das,Sunita,Das,sunita.das7@outlook.com,9932963145,41,Female,Varanasi,Uttar Pradesh,North,455549,2022-06-20,Enterprise
C0282,Sunita Das,Sunita,Das,sunita.das329@hotmail.com,9707831321,45,Female,Kochi,Kerala,South,439445,2020-12-29,Retail
C0283,Ajay Sen,Ajay,Sen,ajay.sen649@gmail.com,9909172835,37,Female,Visakhapatnam,Andhra Pradesh,South,451716,2022-02-09,Retail
C0284,Suresh Zutshi,Suresh,Zutshi,suresh.zutshi205@gmail.com,9892932387,55,Male,Kanpur,Uttar Pradesh,North,824827,2024-04-21,SMB
C0285,Ravi Shah,Ravi,Shah,ravi.shah449@hotmail.com,9637129277,28,Female,Aurangabad,Maharashtra,West,815668,2022-10-19,Retail
C0286,Gaurav Karmakar,Gaurav,Karmakar,gaurav.karmakar158@outlook.com,9639709728,45,Other,Amritsar,Punjab,North,736979,2022-09-08,Enterprise
C0287,Sunil Nanda,Sunil,Nanda,sunil.nanda557@gmail.com,9793020925,25,Male,Faridabad,Haryana,North,672986,2023-05-01,Retail
C0288,Umesh Karmakar,Umesh,Karmakar,umesh.karmakar364@gmail.com,9928928945,45,Female,Bangalore,Karnataka,South,700579,2023-08-14,SMB
C0289,Neha Sharma,Neha,Sharma,neha.sharma101@gmail.com,9874167216,34,Female,Solapur,Maharashtra,West,695098,2023-04-03,Retail
C0290,Siddharth Qureshi,Siddharth,Qureshi,siddharth.qureshi791@hotmail.com,9868685522,50,Male,Lucknow,Uttar Pradesh,North,471724,2020-02-20,Retail
C0291,Usha Nambiar,Usha,Nambiar,usha.nambiar985@gmail.com,9991996685,41,Female,Lucknow,Uttar Pradesh,North,475249,2021-09-30,Retail
C0292,Dinesh Rastogi,Dinesh,Rastogi,dinesh.rastogi357@gmail.com,9835238547,24,Female,Faridabad,Haryana,North,584425,2021-10-15,Retail
C0293,Ravi Nair,Ravi,Nair,ravi.nair24@hotmail.com,9658713640,35,Other,Thane,Maharashtra,West,282337,2024-02-25,Retail
C0294,Nitin Kumar,Nitin,Kumar,nitin.kumar339@gmail.com,9848063436,31,Male,Bhopal,Madhya Pradesh,Central,534723,2023-07-13,SMB
C0295,Siddharth Patel,Siddharth,Patel,siddharth.patel756@yahoo.com,9841363747,20,Male,Mysore,Karnataka,South,560418,2022-03-07,Retail
C0296,Seema Roy,Seema,Roy,seema.roy721@yahoo.com,9909961298,43,Female,Pune,Maharashtra,West,672968,2021-01-17,Retail
C0297,Hemant Nair,Hemant,Nair,hemant.nair269@outlook.com,9883314840,44,Other,Bhubaneswar,Odisha,East,438628,2023-05-07,SMB
C0298,Nandita Nair,Nandita,Nair,nandita.nair357@gmail.com,9845812029,39,Other,Jalandhar,Punjab,North,290908,2024-07-24,Enterprise
C0299,Rohit Mukherjee,Rohit,Mukherjee,rohit.mukherjee138@gmail.com,9728082759,43,Male,Agra,Uttar Pradesh,North,232629,2021-01-09,Enterprise
C0300,Aarti Nanda,Aarti,Nanda,aarti.nanda611@gmail.com,9806002719,54,Male,Dhanbad,Jharkhand,East,304776,2022-09-23,Enterprise
C0301,Anjali Saxena,Anjali,Saxena,anjali.saxena296@gmail.com,9768888858,42,Male,Amritsar,Punjab,North,759498,2020-04-19,SMB
C0302,Sunita Verma,Sunita,Verma,sunita.verma835@gmail.com,9901497082,46,Female,Guwahati,Assam,East,794793,2022-10-10,SMB
C0303,Ravi Babu,Ravi,Babu,ravi.babu455@gmail.com,9644383454,34,Female,Bareilly,Uttar Pradesh,North,142359,2024-06-17,Retail
C0304,Seema Mishra,Seema,Mishra,seema.mishra551@gmail.com,9845522551,52,Male,Bareilly,Uttar Pradesh,North,629373,2023-01-30,Enterprise
C0305,Suresh Bose,Suresh,Bose,suresh.bose794@gmail.com,9796957414,48,Other,Hubli,Karnataka,South,153631,2024-04-05,Retail
C0306,Lalit Mehta,Lalit,Mehta,lalit.mehta754@yahoo.com,9759831265,42,Male,Bangalore,Karnataka,South,581578,2021-06-22,SMB
C0307,Kavita Naidu,Kavita,Naidu,kavita.naidu832@gmail.com,9996002953,47,Male,Mysore,Karnataka,South,832608,2021-12-19,Enterprise
C0308,Sunita Raju,Sunita,Raju,sunita.raju212@yahoo.com,9906056335,54,Male,Meerut,Uttar Pradesh,North,668136,2021-07-29,Retail
C0309,Ravi Chopra,Ravi,Chopra,ravi.chopra297@gmail.com,9876174443,46,Male,Thane,Maharashtra,West,209850,2020-10-04,Retail
C0310,Sunanda Reddy,Sunanda,Reddy,sunanda.reddy719@yahoo.com,9678513851,45,Female,Nashik,Maharashtra,West,369579,2024-04-08,Retail
C0311,Sarita Ganguly,Sarita,Ganguly,sarita.ganguly276@outlook.com,9842661210,25,Female,Chennai,Tamil Nadu,South,774406,2024-06-15,Enterprise
C0312,Seema Bose,Seema,Bose,seema.bose712@outlook.com,9844112864,20,Male,Chandigarh,Chandigarh,North,453187,2023-04-06,SMB
C0313,Kalpana Karmakar,Kalpana,Karmakar,kalpana.karmakar715@gmail.com,9634000401,47,Male,Hubli,Karnataka,South,527035,2021-03-22,SMB
C0314,Manish Dubey,Manish,Dubey,manish.dubey849@gmail.com,9893835104,51,Female,Bareilly,Uttar Pradesh,North,246937,2023-03-05,Retail
C0315,Anita Mehta,Anita,Mehta,anita.mehta642@outlook.com,9608740985,49,Male,Ahmedabad,Gujarat,West,275657,2022-06-22,SMB
C0316,Swati Sen,Swati,Sen,swati.sen932@gmail.com,9948964589,37,Male,Agra,Uttar Pradesh,North,276699,2024-11-25,Retail
C0317,Gaurav Desai,Gaurav,Desai,gaurav.desai381@hotmail.com,9688865603,39,Male,Hyderabad,Telangana,South,525594,2023-07-05,SMB
C0318,Sunanda Desai,Sunanda,Desai,sunanda.desai721@gmail.com,9714579621,34,Other,Kochi,Kerala,South,191724,2020-09-28,SMB
C0319,Priya Sharma,Priya,Sharma,priya.sharma713@gmail.com,9664743295,50,Male,Dhanbad,Jharkhand,East,837744,2020-09-27,Retail
C0320,Aarti Desai,Aarti,Desai,aarti.desai749@yahoo.com,9768229293,44,Male,Rajkot,Gujarat,West,423791,2020-10-07,Retail
C0321,Arjun Upadhyay,Arjun,Upadhyay,arjun.upadhyay577@gmail.com,9948976944,33,Male,Surat,Gujarat,West,571477,2021-12-20,SMB
C0322,Ramesh Mukherjee,Ramesh,Mukherjee,ramesh.mukherjee454@yahoo.com,9653936799,44,Female,Jaipur,Rajasthan,North,239139,2023-04-22,SMB
C0323,Abhishek Raju,Abhishek,Raju,abhishek.raju144@gmail.com,9946078035,38,Male,Kolkata,West Bengal,East,370221,2023-02-07,Retail
C0324,Nikhil Upadhyay,Nikhil,Upadhyay,nikhil.upadhyay622@gmail.com,9810319725,35,Female,Ludhiana,Punjab,North,787558,2020-04-21,SMB
C0325,Suresh Pillai,Suresh,Pillai,suresh.pillai512@yahoo.com,9883621655,28,Female,Mumbai,Maharashtra,West,488638,2021-10-10,Enterprise
C0326,Usha Kapoor,Usha,Kapoor,usha.kapoor560@outlook.com,9639187196,20,Female,Delhi,Delhi,North,725895,2020-05-18,Retail
C0327,Anita Iyer,Anita,Iyer,anita.iyer972@hotmail.com,9753806964,46,Female,Bhubaneswar,Odisha,East,635387,2024-04-20,SMB
C0328,Rohit Ganguly,Rohit,Ganguly,rohit.ganguly550@gmail.com,9681969688,25,Other,Vadodara,Gujarat,West,197657,2021-09-26,Retail
C0329,Ritu Vyas,Ritu,Vyas,ritu.vyas335@gmail.com,9940534129,24,Female,Noida,Uttar Pradesh,North,824138,2023-08-10,SMB
C0330,Saroj Prasad,Saroj,Prasad,saroj.prasad245@gmail.com,9646285140,23,Female,Dhanbad,Jharkhand,East,231620,2022-07-17,Retail
C0331,Kavita Sharma,Kavita,Sharma,kavita.sharma725@gmail.com,9606093809,53,Other,Surat,Gujarat,West,630526,2021-12-11,Retail
C0332,Anjali Kapoor,Anjali,Kapoor,anjali.kapoor130@outlook.com,9993491931,47,Female,Ahmedabad,Gujarat,West,140782,2021-11-17,Enterprise
C0333,Arjun Agarwal,Arjun,Agarwal,arjun.agarwal730@hotmail.com,9641376658,43,Male,Chandigarh,Chandigarh,North,587309,2022-11-12,SMB
C0334,Rajan Kumar,Rajan,Kumar,rajan.kumar377@gmail.com,9655246652,27,Male,Bareilly,Uttar Pradesh,North,816866,2024-01-20,Enterprise
C0335,Aayush Gupta,Aayush,Gupta,aayush.gupta880@yahoo.com,9624686144,29,Male,Kochi,Kerala,South,491657,2022-02-23,Retail
C0336,Nitin Murthy,Nitin,Murthy,nitin.murthy936@hotmail.com,9825147182,46,Female,Bhopal,Madhya Pradesh,Central,447433,2021-05-23,Retail
C0337,Meera Zutshi,Meera,Zutshi,meera.zutshi382@gmail.com,9961488989,53,Male,Hyderabad,Telangana,South,298056,2021-04-02,SMB
C0338,Arjun Krishnan,Arjun,Krishnan,arjun.krishnan477@outlook.com,9775718347,20,Female,Kolkata,West Bengal,East,689958,2022-07-24,Retail
C0339,Smita Zutshi,Smita,Zutshi,smita.zutshi804@gmail.com,9934318924,51,Male,Visakhapatnam,Andhra Pradesh,South,596462,2022-01-24,Enterprise
C0340,Pushpa Raju,Pushpa,Raju,pushpa.raju252@gmail.com,9820136460,42,Male,Delhi,Delhi,North,354315,2023-01-14,Retail
C0341,Aayush Roy,Aayush,Roy,aayush.roy674@gmail.com,9996255111,53,Male,Agra,Uttar Pradesh,North,218998,2021-02-24,SMB
C0342,Pratik Iyer,Pratik,Iyer,pratik.iyer996@hotmail.com,9750230049,53,Female,Kolkata,West Bengal,East,156032,2021-04-19,Retail
C0343,Hemant Mitra,Hemant,Mitra,hemant.mitra87@gmail.com,9871349465,45,Male,Jaipur,Rajasthan,North,778169,2024-08-06,Enterprise
C0344,Rajan Iyer,Rajan,Iyer,rajan.iyer446@yahoo.com,9727115857,40,Female,Ludhiana,Punjab,North,383668,2024-10-08,Retail
C0345,Abhishek Pandey,Abhishek,Pandey,abhishek.pandey279@gmail.com,9708830512,29,Male,Jaipur,Rajasthan,North,723110,2020-08-11,Retail
C0346,Lata Qureshi,Lata,Qureshi,lata.qureshi322@gmail.com,9887722302,39,Female,Meerut,Uttar Pradesh,North,327722,2022-07-14,Retail
C0347,Kavita Desai,Kavita,Desai,kavita.desai162@outlook.com,9978335511,33,Female,Faridabad,Haryana,North,742608,2020-03-23,Retail
C0348,Pooja Biswas,Pooja,Biswas,pooja.biswas255@outlook.com,9875661564,36,Male,Hyderabad,Telangana,South,820078,2021-09-04,Retail
C0349,Bhavna Prasad,Bhavna,Prasad,bhavna.prasad464@gmail.com,9895343905,26,Male,Visakhapatnam,Andhra Pradesh,South,209326,2022-08-04,Retail
C0350,Priya Iyer,Priya,Iyer,priya.iyer851@yahoo.com,9670177210,25,Other,Nagpur,Maharashtra,West,530040,2022-02-01,Enterprise
C0351,Preeti Nambiar,Preeti,Nambiar,preeti.nambiar833@gmail.com,9634613160,28,Male,Nagpur,Maharashtra,West,787366,2022-06-27,Retail
C0352,Kavita Gupta,Kavita,Gupta,kavita.gupta965@gmail.com,9690188516,45,Female,Bareilly,Uttar Pradesh,North,564197,2024-08-09,Retail
C0353,Varun Mukherjee,Varun,Mukherjee,varun.mukherjee437@gmail.com,9715274829,48,Male,Kanpur,Uttar Pradesh,North,398339,2021-07-27,Retail
C0354,Ramesh Dey,Ramesh,Dey,ramesh.dey632@gmail.com,9758433379,55,Female,Chandigarh,Chandigarh,North,542005,2024-12-12,Retail
C0355,Pooja Bose,Pooja,Bose,pooja.bose393@gmail.com,9707083092,54,Male,Noida,Uttar Pradesh,North,661356,2021-05-25,SMB
C0356,Manju Jain,Manju,Jain,manju.jain492@gmail.com,9860210319,40,Female,Meerut,Uttar Pradesh,North,703128,2022-10-25,Retail
C0357,Nisha Patel,Nisha,Patel,nisha.patel327@gmail.com,9615732174,50,Other,Vadodara,Gujarat,West,171437,2024-07-14,Retail
C0358,Alok Banerjee,Alok,Banerjee,alok.banerjee239@yahoo.com,9733067242,54,Male,Gurugram,Haryana,North,362867,2021-06-29,Retail
C0359,Sarita Prasad,Sarita,Prasad,sarita.prasad817@gmail.com,9693260937,40,Female,Kanpur,Uttar Pradesh,North,358041,2023-04-28,Enterprise
C0360,Sneha Biswas,Sneha,Biswas,sneha.biswas718@gmail.com,9904755507,32,Female,Bareilly,Uttar Pradesh,North,259005,2023-02-27,Enterprise
C0361,Richa Rao,Richa,Rao,richa.rao503@gmail.com,9630154955,21,Other,Bhopal,Madhya Pradesh,Central,740889,2021-03-24,SMB
C0362,Aayush Ghosh,Aayush,Ghosh,aayush.ghosh940@yahoo.com,9782943618,21,Male,Kanpur,Uttar Pradesh,North,449307,2020-05-01,Enterprise
C0363,Ravi Nambiar,Ravi,Nambiar,ravi.nambiar146@hotmail.com,9795898745,45,Other,Chennai,Tamil Nadu,South,501738,2023-12-13,Retail
C0364,Madhuri Das,Madhuri,Das,madhuri.das331@gmail.com,9684559252,40,Male,Dhanbad,Jharkhand,East,780318,2022-09-24,Enterprise
C0365,Sunil Krishnan,Sunil,Krishnan,sunil.krishnan952@outlook.com,9719849565,31,Female,Gurugram,Haryana,North,727558,2024-07-26,Retail
C0366,Saroj Sen,Saroj,Sen,saroj.sen302@gmail.com,9991288140,45,Other,Mumbai,Maharashtra,West,846109,2023-03-19,Retail
C0367,Nisha Chakraborty,Nisha,Chakraborty,nisha.chakraborty326@hotmail.com,9718592234,51,Male,Bhubaneswar,Odisha,East,703022,2020-08-01,Retail
C0368,Seema Singh,Seema,Singh,seema.singh244@gmail.com,9771540284,25,Female,Surat,Gujarat,West,777090,2024-12-18,SMB
C0369,Priya Agarwal,Priya,Agarwal,priya.agarwal215@gmail.com,9636397045,26,Male,Meerut,Uttar Pradesh,North,379125,2024-05-30,Retail
C0370,Aarti Pandey,Aarti,Pandey,aarti.pandey751@gmail.com,9689302270,44,Female,Aurangabad,Maharashtra,West,627033,2024-12-10,Enterprise
C0371,Varun Mehta,Varun,Mehta,varun.mehta849@gmail.com,9910341178,30,Female,Noida,Uttar Pradesh,North,830539,2021-04-06,Retail
C0372,Vikram Chopra,Vikram,Chopra,vikram.chopra21@gmail.com,9656223832,44,Male,Chennai,Tamil Nadu,South,468411,2020-12-14,Retail
C0373,Nitin Menon,Nitin,Menon,nitin.menon96@gmail.com,9929448003,47,Male,Kochi,Kerala,South,848726,2020-03-04,Enterprise
C0374,Geeta Kumar,Geeta,Kumar,geeta.kumar55@gmail.com,9710354069,55,Other,Nagpur,Maharashtra,West,539161,2023-11-28,Retail
C0375,Umesh Chopra,Umesh,Chopra,umesh.chopra305@gmail.com,9626647826,51,Male,Srinagar,Jammu & Kashmir,North,709544,2023-01-30,Retail
C0376,Girish Sharma,Girish,Sharma,girish.sharma438@gmail.com,9955419400,32,Male,Bhubaneswar,Odisha,East,739371,2022-09-10,Retail
C0377,Nikhil Kumar,Nikhil,Kumar,nikhil.kumar654@gmail.com,9643989106,45,Female,Kochi,Kerala,South,231119,2021-09-23,SMB
C0378,Umesh Agarwal,Umesh,Agarwal,umesh.agarwal94@outlook.com,9699257350,31,Female,Rajkot,Gujarat,West,509974,2022-01-26,Retail
C0379,Preeti Pandey,Preeti,Pandey,preeti.pandey477@gmail.com,9744183123,26,Male,Bareilly,Uttar Pradesh,North,174633,2020-11-05,Retail
C0380,Asha Nanda,Asha,Nanda,asha.nanda995@yahoo.com,9897212763,53,Female,Hyderabad,Telangana,South,515910,2024-08-03,Enterprise
C0381,Sadhana Srinivas,Sadhana,Srinivas,sadhana.srinivas959@gmail.com,9726509345,45,Male,Kochi,Kerala,South,423369,2020-06-10,Enterprise
C0382,Sarita Menon,Sarita,Menon,sarita.menon530@hotmail.com,9933006595,48,Male,Lucknow,Uttar Pradesh,North,236124,2024-03-30,Retail
C0383,Rekha Murthy,Rekha,Murthy,rekha.murthy198@gmail.com,9827297669,32,Male,Kolkata,West Bengal,East,826308,2022-06-10,Enterprise
C0384,Preeti Dubey,Preeti,Dubey,preeti.dubey933@yahoo.com,9646722503,55,Female,Varanasi,Uttar Pradesh,North,693390,2022-03-24,Retail
C0385,Dinesh Qureshi,Dinesh,Qureshi,dinesh.qureshi940@hotmail.com,9934501677,46,Male,Mysore,Karnataka,South,657945,2024-05-19,SMB
C0386,Ritu Joshi,Ritu,Joshi,ritu.joshi581@gmail.com,9653796609,26,Female,Pune,Maharashtra,West,700016,2024-05-15,Enterprise
C0387,Vinod Krishnan,Vinod,Krishnan,vinod.krishnan421@gmail.com,9951536455,50,Male,Chandigarh,Chandigarh,North,709809,2023-06-01,Retail
C0388,Seema Malhotra,Seema,Malhotra,seema.malhotra148@hotmail.com,9972406551,41,Male,Srinagar,Jammu & Kashmir,North,150666,2022-03-21,Retail
C0389,Seema Rastogi,Seema,Rastogi,seema.rastogi943@gmail.com,9799952576,39,Female,Delhi,Delhi,North,464278,2024-08-01,Retail
C0390,Pratik Prasad,Pratik,Prasad,pratik.prasad713@yahoo.com,9672147676,40,Female,Agra,Uttar Pradesh,North,574635,2024-05-04,SMB
C0391,Jyoti Hazra,Jyoti,Hazra,jyoti.hazra92@gmail.com,9713489410,53,Female,Aurangabad,Maharashtra,West,617993,2024-04-04,Retail
C0392,Shruti Raju,Shruti,Raju,shruti.raju163@gmail.com,9980947171,53,Other,Guwahati,Assam,East,532979,2020-10-04,Retail
C0393,Rajesh Verma,Rajesh,Verma,rajesh.verma897@yahoo.com,9733944066,43,Male,Bangalore,Karnataka,South,588621,2020-04-13,Retail
C0394,Monika Chandra,Monika,Chandra,monika.chandra476@gmail.com,9941133041,35,Female,Ahmedabad,Gujarat,West,824263,2020-03-03,SMB
C0395,Mukesh Pandey,Mukesh,Pandey,mukesh.pandey182@outlook.com,9915078935,30,Female,Tiruchirappalli,Tamil Nadu,South,476749,2021-12-06,Retail
C0396,Tushar Patel,Tushar,Patel,tushar.patel396@gmail.com,9907228704,34,Male,Indore,Madhya Pradesh,Central,342103,2023-08-18,Retail
C0397,Sunanda Nanda,Sunanda,Nanda,sunanda.nanda526@gmail.com,9966253192,31,Other,Mumbai,Maharashtra,West,607126,2020-09-27,Retail
C0398,Arun Agarwal,Arun,Agarwal,arun.agarwal623@outlook.com,9982649635,44,Female,Noida,Uttar Pradesh,North,398755,2022-05-17,SMB
C0399,Gaurav Shah,Gaurav,Shah,gaurav.shah478@gmail.com,9879515343,26,Male,Jalandhar,Punjab,North,526444,2023-04-12,Enterprise
C0400,Umesh Babu,Umesh,Babu,umesh.babu860@gmail.com,9947539154,39,Male,Gwalior,Madhya Pradesh,Central,748635,2021-08-01,SMB
C0401,Arjun Ghosh,Arjun,Ghosh,arjun.ghosh284@outlook.com,9740202177,32,Male,Noida,Uttar Pradesh,North,793112,2021-09-03,Enterprise
C0402,Pushpa Pillai,Pushpa,Pillai,pushpa.pillai922@gmail.com,9922140427,28,Male,Srinagar,Jammu & Kashmir,North,802616,2021-10-16,SMB
C0403,Smita Agarwal,Smita,Agarwal,smita.agarwal929@gmail.com,9808453509,32,Female,Bangalore,Karnataka,South,721344,2023-12-21,Retail
C0404,Sadhana Vyas,Sadhana,Vyas,sadhana.vyas654@hotmail.com,9792466681,30,Other,Guwahati,Assam,East,424777,2024-09-27,Retail
C0405,Smita Mehta,Smita,Mehta,smita.mehta483@gmail.com,9738862654,41,Male,Tiruchirappalli,Tamil Nadu,South,301961,2023-10-24,Retail
C0406,Aparna Mishra,Aparna,Mishra,aparna.mishra763@outlook.com,9777874533,38,Female,Rajkot,Gujarat,West,383216,2023-04-14,Retail
C0407,Chetan Iyer,Chetan,Iyer,chetan.iyer888@hotmail.com,9933211455,32,Other,Chennai,Tamil Nadu,South,605158,2024-12-26,Retail
C0408,Sadhana Lal,Sadhana,Lal,sadhana.lal543@gmail.com,9629024299,41,Female,Lucknow,Uttar Pradesh,North,254037,2021-02-14,Enterprise
C0409,Hemant Joshi,Hemant,Joshi,hemant.joshi324@yahoo.com,9643385324,31,Female,Chandigarh,Chandigarh,North,458787,2023-07-16,Retail
C0410,Aayush Pandey,Aayush,Pandey,aayush.pandey281@gmail.com,9690519526,25,Male,Bareilly,Uttar Pradesh,North,276131,2022-09-29,Enterprise
C0411,Geeta Ganguly,Geeta,Ganguly,geeta.ganguly440@gmail.com,9856302321,54,Male,Varanasi,Uttar Pradesh,North,114895,2020-03-18,Retail
C0412,Priya Menon,Priya,Menon,priya.menon330@hotmail.com,9702315095,35,Male,Delhi,Delhi,North,819621,2020-01-09,Retail
C0413,Richa Reddy,Richa,Reddy,richa.reddy106@gmail.com,9916040169,22,Female,Agra,Uttar Pradesh,North,285133,2020-05-13,Retail
C0414,Hemant Basu,Hemant,Basu,hemant.basu533@gmail.com,9781373864,41,Female,Dhanbad,Jharkhand,East,830141,2020-10-01,Retail
C0415,Vijay Verma,Vijay,Verma,vijay.verma169@outlook.com,9610267514,28,Male,Bhopal,Madhya Pradesh,Central,345217,2024-01-29,Retail
C0416,Nandita Tiwari,Nandita,Tiwari,nandita.tiwari174@gmail.com,9981774320,36,Other,Noida,Uttar Pradesh,North,149178,2022-02-07,Enterprise
C0417,Karan Chakraborty,Karan,Chakraborty,karan.chakraborty50@hotmail.com,9610598783,46,Female,Hyderabad,Telangana,South,833255,2020-08-25,SMB
C0418,Kavita Yadav,Kavita,Yadav,kavita.yadav259@gmail.com,9682209486,20,Female,Indore,Madhya Pradesh,Central,838961,2023-11-05,SMB
C0419,Umesh Mehta,Umesh,Mehta,umesh.mehta679@gmail.com,9934362008,46,Male,Gwalior,Madhya Pradesh,Central,844764,2020-10-07,Enterprise
C0420,Naresh Dey,Naresh,Dey,naresh.dey121@gmail.com,9657049894,32,Female,Chandigarh,Chandigarh,North,318296,2023-06-01,Enterprise
C0421,Swati Jain,Swati,Jain,swati.jain721@gmail.com,9686099921,33,Female,Bangalore,Karnataka,South,684765,2022-10-13,Retail
C0422,Sachin Sharma,Sachin,Sharma,sachin.sharma14@yahoo.com,9908245918,25,Other,Gurugram,Haryana,North,628105,2020-11-01,Retail
C0423,Naresh Basu,Naresh,Basu,naresh.basu104@hotmail.com,9724103233,49,Male,Navi Mumbai,Maharashtra,West,420401,2021-06-24,Retail
C0424,Rajesh Srinivas,Rajesh,Srinivas,rajesh.srinivas41@outlook.com,9963336264,27,Male,Nashik,Maharashtra,West,556688,2024-02-21,Retail
C0425,Priya Prasad,Priya,Prasad,priya.prasad142@yahoo.com,9776448439,37,Male,Meerut,Uttar Pradesh,North,568976,2023-06-27,Retail
C0426,Madhuri Rao,Madhuri,Rao,madhuri.rao117@gmail.com,9845102343,50,Female,Vadodara,Gujarat,West,514452,2023-11-13,Retail
C0427,Suresh Reddy,Suresh,Reddy,suresh.reddy713@yahoo.com,9655680551,48,Male,Aurangabad,Maharashtra,West,729446,2022-09-15,Enterprise
C0428,Varun Naidu,Varun,Naidu,varun.naidu368@hotmail.com,9990454742,27,Female,Jaipur,Rajasthan,North,616545,2022-09-26,SMB
C0429,Anita Singh,Anita,Singh,anita.singh268@yahoo.com,9978262156,34,Female,Thane,Maharashtra,West,660311,2024-04-20,Enterprise
C0430,Dinesh Sen,Dinesh,Sen,dinesh.sen718@outlook.com,9955254603,44,Male,Visakhapatnam,Andhra Pradesh,South,615339,2021-12-09,Enterprise
C0431,Ramesh Iyer,Ramesh,Iyer,ramesh.iyer12@yahoo.com,9871424522,30,Male,Kochi,Kerala,South,629920,2024-11-15,SMB
C0432,Tanvi Pillai,Tanvi,Pillai,tanvi.pillai339@yahoo.com,9872155613,44,Female,Bhopal,Madhya Pradesh,Central,687236,2023-08-10,Retail
C0433,Rohit Qureshi,Rohit,Qureshi,rohit.qureshi455@outlook.com,9647255301,27,Female,Chandigarh,Chandigarh,North,578784,2021-10-09,Retail
C0434,Neha Malhotra,Neha,Malhotra,neha.malhotra423@gmail.com,9894795170,39,Other,Mumbai,Maharashtra,West,205310,2024-06-09,Enterprise
C0435,Nikhil Hazra,Nikhil,Hazra,nikhil.hazra688@gmail.com,9782994704,34,Female,Rajkot,Gujarat,West,166911,2024-07-30,Retail
C0436,Sushma Naidu,Sushma,Naidu,sushma.naidu635@gmail.com,9984752869,48,Male,Gurugram,Haryana,North,490941,2024-01-06,Retail
C0437,Pushpa Karmakar,Pushpa,Karmakar,pushpa.karmakar228@gmail.com,9790663786,53,Female,Bhubaneswar,Odisha,East,416166,2023-01-26,Retail
C0438,Anita Menon,Anita,Menon,anita.menon169@gmail.com,9984859194,32,Male,Aurangabad,Maharashtra,West,222157,2021-06-04,Retail
C0439,Siddharth Shah,Siddharth,Shah,siddharth.shah469@yahoo.com,9984822583,46,Male,Coimbatore,Tamil Nadu,South,223000,2024-03-30,Enterprise
C0440,Kavita Naidu,Kavita,Naidu,kavita.naidu914@gmail.com,9953506246,51,Male,Mysore,Karnataka,South,638689,2020-10-02,Enterprise
C0441,Ajay Iyer,Ajay,Iyer,ajay.iyer567@hotmail.com,9859272122,31,Male,Guwahati,Assam,East,295810,2023-11-17,Retail
C0442,Aarti Karmakar,Aarti,Karmakar,aarti.karmakar615@outlook.com,9870642058,35,Female,Varanasi,Uttar Pradesh,North,549001,2023-06-01,SMB
C0443,Madhuri Chopra,Madhuri,Chopra,madhuri.chopra464@yahoo.com,9821591039,52,Female,Gwalior,Madhya Pradesh,Central,844018,2024-12-20,Enterprise
C0444,Abhishek Biswas,Abhishek,Biswas,abhishek.biswas755@hotmail.com,9716684897,38,Female,Nagpur,Maharashtra,West,329899,2023-07-02,Retail
C0445,Ravi Hazra,Ravi,Hazra,ravi.hazra999@hotmail.com,9891247892,27,Female,Faridabad,Haryana,North,777814,2021-10-22,Enterprise
C0446,Radha Banerjee,Radha,Banerjee,radha.banerjee585@hotmail.com,9824131757,47,Male,Thane,Maharashtra,West,669837,2021-08-08,Enterprise
C0447,Neha Patel,Neha,Patel,neha.patel391@gmail.com,9959839973,30,Female,Hyderabad,Telangana,South,319612,2021-06-30,Retail
C0448,Manoj Babu,Manoj,Babu,manoj.babu64@outlook.com,9709522149,48,Male,Hubli,Karnataka,South,143875,2022-01-04,Enterprise
C0449,Rajiv Mitra,Rajiv,Mitra,rajiv.mitra576@hotmail.com,9947419607,52,Female,Tiruchirappalli,Tamil Nadu,South,517777,2021-05-01,Retail
C0450,Varun Lal,Varun,Lal,varun.lal427@hotmail.com,9767854825,36,Male,Tiruchirappalli,Tamil Nadu,South,166415,2020-01-27,Enterprise
C0451,Shanti Srinivas,Shanti,Srinivas,shanti.srinivas892@gmail.com,9721090426,43,Other,Bhubaneswar,Odisha,East,848857,2023-12-24,Enterprise
C0452,Ajay Chakraborty,Ajay,Chakraborty,ajay.chakraborty202@yahoo.com,9757935461,24,Male,Amritsar,Punjab,North,296044,2023-10-30,Retail
C0453,Ajay Tiwari,Ajay,Tiwari,ajay.tiwari123@gmail.com,9830053380,28,Male,Vadodara,Gujarat,West,693635,2021-06-25,Enterprise
C0454,Gaurav Sharma,Gaurav,Sharma,gaurav.sharma339@gmail.com,9683110676,23,Other,Bangalore,Karnataka,South,271169,2021-10-22,Retail
C0455,Pratik Raju,Pratik,Raju,pratik.raju587@gmail.com,9639127576,31,Other,Nashik,Maharashtra,West,660916,2021-03-26,Retail
C0456,Yash Kumar,Yash,Kumar,yash.kumar426@gmail.com,9816582888,33,Female,Kolkata,West Bengal,East,476375,2021-03-29,Retail
C0457,Girish Chopra,Girish,Chopra,girish.chopra224@hotmail.com,9884809427,20,Male,Kochi,Kerala,South,698602,2024-08-13,Retail
C0458,Lata Pillai,Lata,Pillai,lata.pillai927@hotmail.com,9730903711,40,Female,Bangalore,Karnataka,South,825706,2024-12-18,Retail
C0459,Aarti Agarwal,Aarti,Agarwal,aarti.agarwal554@yahoo.com,9877491296,52,Female,Rajkot,Gujarat,West,649292,2024-07-02,SMB
C0460,Anita Chopra,Anita,Chopra,anita.chopra920@outlook.com,9875895116,54,Other,Kolkata,West Bengal,East,210617,2020-12-08,Retail
C0461,Shailesh Singh,Shailesh,Singh,shailesh.singh216@yahoo.com,9967974104,54,Female,Dhanbad,Jharkhand,East,218975,2021-02-25,Retail
C0462,Seema Mukherjee,Seema,Mukherjee,seema.mukherjee158@gmail.com,9984865729,24,Male,Coimbatore,Tamil Nadu,South,149726,2020-06-28,Retail
C0463,Gaurav Yadav,Gaurav,Yadav,gaurav.yadav73@gmail.com,9722216316,48,Female,Patna,Bihar,East,537433,2022-03-05,SMB
C0464,Abhishek Patel,Abhishek,Patel,abhishek.patel399@hotmail.com,9603166960,22,Male,Noida,Uttar Pradesh,North,758386,2020-05-09,Retail
C0465,Yash Mehta,Yash,Mehta,yash.mehta297@outlook.com,9925647559,48,Female,Kolkata,West Bengal,East,405192,2024-04-16,SMB
C0466,Umesh Patel,Umesh,Patel,umesh.patel486@gmail.com,9718039513,54,Female,Jaipur,Rajasthan,North,519985,2024-06-19,Retail
C0467,Piyush Mukherjee,Piyush,Mukherjee,piyush.mukherjee909@hotmail.com,9947860464,55,Male,Rajkot,Gujarat,West,121691,2023-02-07,Retail
C0468,Anita Sharma,Anita,Sharma,anita.sharma587@gmail.com,9888381311,33,Female,Tiruchirappalli,Tamil Nadu,South,199261,2021-09-16,Retail
C0469,Harish Menon,Harish,Menon,harish.menon662@yahoo.com,9686411714,36,Male,Kanpur,Uttar Pradesh,North,341512,2023-06-17,Retail
C0470,Nisha Karmakar,Nisha,Karmakar,nisha.karmakar819@gmail.com,9629199497,55,Male,Tiruchirappalli,Tamil Nadu,South,593671,2023-08-13,Retail
C0471,Sheela Singh,Sheela,Singh,sheela.singh257@gmail.com,9989547765,42,Male,Mysore,Karnataka,South,620856,2021-11-08,Retail
C0472,Amit Chopra,Amit,Chopra,amit.chopra635@gmail.com,9703883753,41,Other,Nashik,Maharashtra,West,619462,2022-07-11,Retail
C0473,Sunil Banerjee,Sunil,Banerjee,sunil.banerjee157@gmail.com,9795685920,20,Female,Nashik,Maharashtra,West,559112,2020-12-11,Retail
C0474,Arun Biswas,Arun,Biswas,arun.biswas758@outlook.com,9792997578,41,Female,Jaipur,Rajasthan,North,822591,2024-02-10,SMB
C0475,Lata Jain,Lata,Jain,lata.jain794@gmail.com,9896176558,25,Female,Pune,Maharashtra,West,294308,2023-08-15,Retail
C0476,Kamlesh Verma,Kamlesh,Verma,kamlesh.verma270@hotmail.com,9641050426,52,Male,Chennai,Tamil Nadu,South,129535,2024-10-05,Enterprise
C0477,Brijesh Malhotra,Brijesh,Malhotra,brijesh.malhotra788@gmail.com,9619679705,54,Female,Tiruchirappalli,Tamil Nadu,South,383276,2023-01-18,Retail
C0478,Girish Malhotra,Girish,Malhotra,girish.malhotra229@hotmail.com,9993648153,52,Other,Ludhiana,Punjab,North,250384,2022-08-09,Retail
C0479,Siddharth Kapoor,Siddharth,Kapoor,siddharth.kapoor515@gmail.com,9728248154,52,Male,Jalandhar,Punjab,North,827395,2020-12-05,SMB
C0480,Sanjay Rao,Sanjay,Rao,sanjay.rao580@hotmail.com,9678490018,34,Female,Kochi,Kerala,South,486224,2020-03-23,Retail
C0481,Arjun Agarwal,Arjun,Agarwal,arjun.agarwal379@gmail.com,9958944161,43,Female,Indore,Madhya Pradesh,Central,653042,2024-06-08,SMB
C0482,Hemant Krishnan,Hemant,Krishnan,hemant.krishnan48@gmail.com,9948174073,53,Female,Nashik,Maharashtra,West,218239,2023-12-12,Retail
C0483,Brijesh Vyas,Brijesh,Vyas,brijesh.vyas584@gmail.com,9950939263,24,Other,Varanasi,Uttar Pradesh,North,493041,2023-04-18,Retail
C0484,Varun Nambiar,Varun,Nambiar,varun.nambiar229@gmail.com,9789460672,50,Other,Meerut,Uttar Pradesh,North,620511,2024-06-11,Retail
C0485,Yash Krishnan,Yash,Krishnan,yash.krishnan143@gmail.com,9723475355,37,Male,Chennai,Tamil Nadu,South,649535,2023-08-10,Retail
C0486,Nisha Kumar,Nisha,Kumar,nisha.kumar371@yahoo.com,9954930539,41,Male,Bhopal,Madhya Pradesh,Central,544753,2024-07-19,SMB
C0487,Rajiv Rastogi,Rajiv,Rastogi,rajiv.rastogi491@gmail.com,9686568426,35,Male,Noida,Uttar Pradesh,North,540859,2020-02-15,Retail
C0488,Sarita Banerjee,Sarita,Banerjee,sarita.banerjee165@gmail.com,9875223018,23,Male,Bangalore,Karnataka,South,710067,2020-10-27,Retail
C0489,Nisha Upadhyay,Nisha,Upadhyay,nisha.upadhyay982@gmail.com,9902582968,38,Male,Bhubaneswar,Odisha,East,129524,2024-12-04,Retail
C0490,Lata Chakraborty,Lata,Chakraborty,lata.chakraborty483@yahoo.com,9717770048,31,Other,Aurangabad,Maharashtra,West,740025,2020-10-19,Enterprise
C0491,Preeti Kumar,Preeti,Kumar,preeti.kumar742@outlook.com,9920261411,44,Female,Mysore,Karnataka,South,182187,2021-04-15,Retail
C0492,Neha Patel,Neha,Patel,neha.patel208@gmail.com,9870775957,29,Other,Thane,Maharashtra,West,550186,2024-08-19,Retail
C0493,Rajesh Rastogi,Rajesh,Rastogi,rajesh.rastogi924@yahoo.com,9885309281,50,Male,Guwahati,Assam,East,233224,2020-07-09,Enterprise
C0494,Asha Chandra,Asha,Chandra,asha.chandra2@hotmail.com,9948553635,43,Male,Dhanbad,Jharkhand,East,657403,2022-05-11,Enterprise
C0495,Lalit Mishra,Lalit,Mishra,lalit.mishra961@outlook.com,9788182816,26,Female,Mysore,Karnataka,South,840550,2023-03-25,Retail
C0496,Gaurav Rastogi,Gaurav,Rastogi,gaurav.rastogi785@gmail.com,9644999221,54,Female,Ludhiana,Punjab,North,737354,2024-11-30,Retail
C0497,Vivek Sharma,Vivek,Sharma,vivek.sharma727@yahoo.com,9910304484,20,Female,Solapur,Maharashtra,West,233552,2022-11-30,Retail
C0498,Sunil Murthy,Sunil,Murthy,sunil.murthy324@gmail.com,9657221430,36,Female,Lucknow,Uttar Pradesh,North,556768,2023-08-27,Enterprise
C0499,Lalit Zutshi,Lalit,Zutshi,lalit.zutshi375@hotmail.com,9813381568,55,Female,Indore,Madhya Pradesh,Central,543301,2023-02-04,Retail
C0500,Monika Yadav,Monika,Yadav,monika.yadav569@gmail.com,9764633121,45,Male,Bareilly,Uttar Pradesh,North,471083,2024-05-04,Retail
