OrderID,CustomerID,ProductID,SalesRepID,OrderDate,ShipDate,DeliveryDate,Quantity,UnitPrice,Discount,DiscountAmount,NetSales,Profit,Status,PaymentMethod,Channel,Region,CustomerRating
ORD-00001,C0119,P020,SR03,3/15/2022,3/17/2022,3/17/2022,2,3499,0%,0,6998,3398,Completed,UPI,Affiliate,South,3
ORD-00002,C0343,P013,SR07,2/15/2023,NULL,NULL,1,19999,0%,0,19999,6999,Pending,Credit Card,Social Media,North,
ORD-00003,C0146,P024,SR07,12/13/2023,12/15/2023,12/16/2023,4,4999,10%,1999.6,17996.4,6796.4,Completed,Cash on Delivery,Website,North,3
ORD-00004,C0090,P014,SR03,5/29/2022,NULL,NULL,3,24999,10%,7499.7,67497.3,16497.3,Pending,Credit Card,Social Media,South,
ORD-00005,C0490,P009,SR06,6/25/2024,6/30/2024,7/3/2024,2,29900,10%,5980,53820,13820,Completed,Net Banking,Affiliate,West,5
ORD-00006,C0442,P001,SR07,8/27/2022,8/28/2022,8/31/2022,2,79999,5%,7999.9,151998.1,41998.1,Completed,UPI,Affiliate,North,3
ORD-00007,C0265,P018,SR05,6/24/2023,6/27/2023,6/27/2023,4,54999,10%,21999.6,197996.4,45996.4,Completed,Credit Card,Social Media,East,2
ORD-00008,C0244,P011,SR07,3/24/2023,NULL,NULL,3,9999,0%,0,29997,10497,Pending,EMI,Mobile App,North,
ORD-00009,C0256,P024,SR03,4/26/2023,NULL,NULL,2,4999,5%,499.9,9498.1,3898.1,Cancelled,Debit Card,Mobile App,South,
ORD-00010,C0104,P008,SR08,11/16/2022,11/17/2022,11/17/2022,4,6999,0%,0,27996,11196,Completed,Cash on Delivery,Website,South,4
ORD-00011,C0191,P020,SR07,10/5/2024,NULL,NULL,3,3499,15%,1574.55,8922.45,3522.45,Pending,Debit Card,Social Media,North,
ORD-00012,C0144,P013,SR05,9/20/2022,9/25/2022,9/28/2022,4,19999,20%,15999.2,63996.8,11996.8,Completed,Credit Card,Social Media,East,3
ORD-00013,C0202,P022,SR03,7/25/2024,7/31/2024,8/3/2024,3,7499,0%,0,22497,8097,Completed,Credit Card,Mobile App,South,4
ORD-00014,C0298,P004,SR07,1/11/2024,NULL,NULL,3,55990,0%,0,167970,47970,Pending,Cash on Delivery,Retail Store,North,
ORD-00015,C0122,P009,SR08,12/4/2023,12/6/2023,12/9/2023,4,29900,5%,5980,113620,33620,Completed,Net Banking,Retail Store,South,3
ORD-00016,C0438,P013,SR06,7/12/2024,7/17/2024,7/18/2024,5,19999,5%,4999.75,94995.25,29995.25,Completed,Credit Card,Retail Store,West,2
ORD-00017,C0285,P014,SR06,2/6/2023,2/13/2023,2/14/2023,4,24999,0%,0,99996,31996,Completed,Debit Card,Affiliate,West,4
ORD-00018,C0069,P021,SR08,9/23/2024,9/26/2024,9/26/2024,4,8495,0%,0,33980,11980,Completed,EMI,Mobile App,South,1
ORD-00019,C0111,P009,SR06,7/17/2022,7/23/2022,7/25/2022,3,29900,10%,8970,80730,20730,Completed,UPI,Social Media,West,5
ORD-00020,C0478,P009,SR07,2/10/2022,2/11/2022,2/13/2022,5,29900,5%,7475,142025,42025,Completed,Cash on Delivery,Social Media,North,5
ORD-00021,C0090,P025,SR08,12/29/2023,1/4/2024,1/7/2024,4,1599,0%,0,6396,3196,Completed,Net Banking,Social Media,South,3
ORD-00022,C0238,P021,SR01,12/10/2022,NULL,NULL,3,8495,10%,2548.5,22936.5,6436.5,Cancelled,EMI,Social Media,West,
ORD-00023,C0293,P013,SR01,6/12/2022,6/15/2022,6/16/2022,3,19999,10%,5999.7,53997.3,14997.3,Completed,EMI,Retail Store,West,3
ORD-00024,C0310,P021,SR06,7/10/2023,7/17/2023,7/19/2023,5,8495,20%,8495,33980,6480,Completed,Net Banking,Affiliate,West,2
ORD-00025,C0095,P001,SR01,4/26/2023,NULL,NULL,3,79999,0%,0,239997,74997,Cancelled,Debit Card,Mobile App,West,
ORD-00026,C0204,P004,SR02,5/11/2022,5/16/2022,5/16/2022,1,55990,10%,5599,50391,10391,Completed,Cash on Delivery,Website,North,1
ORD-00027,C0135,P020,SR01,6/22/2022,NULL,NULL,4,3499,5%,699.8,13296.2,6096.2,Cancelled,Debit Card,Mobile App,West,
ORD-00028,C0378,P010,SR06,9/16/2022,9/21/2022,9/22/2022,1,12999,0%,0,12999,4999,Completed,EMI,Retail Store,West,3
ORD-00029,C0443,P016,SR04,7/12/2023,NULL,NULL,4,29999,0%,0,119996,39996,Pending,EMI,Social Media,Central,
ORD-00030,C0091,P019,SR07,6/9/2024,NULL,NULL,5,2499,5%,624.75,11870.25,5870.25,Pending,UPI,Affiliate,North,
ORD-00031,C0277,P008,SR02,6/23/2024,6/26/2024,6/29/2024,3,6999,0%,0,20997,8397,Completed,UPI,Website,North,1
ORD-00032,C0268,P025,SR01,12/6/2023,12/10/2023,12/10/2023,4,1599,15%,959.4,5436.6,2236.6,Completed,UPI,Website,West,4
ORD-00033,C0409,P010,SR02,1/15/2022,NULL,NULL,3,12999,5%,1949.85,37047.15,13047.15,Pending,Net Banking,Social Media,North,
ORD-00034,C0224,P013,SR05,12/1/2022,NULL,NULL,4,19999,10%,7999.6,71996.4,19996.4,Cancelled,Debit Card,Retail Store,East,
ORD-00035,C0041,P014,SR02,11/24/2024,NULL,NULL,3,24999,5%,3749.85,71247.15,20247.15,Pending,EMI,Social Media,North,
ORD-00036,C0415,P009,SR04,1/21/2023,1/23/2023,1/24/2023,3,29900,0%,0,89700,29700,Completed,EMI,Affiliate,Central,5
ORD-00037,C0232,P009,SR07,1/20/2023,1/21/2023,1/22/2023,1,29900,20%,5980,23920,3920,Completed,Credit Card,Mobile App,North,1
ORD-00038,C0145,P009,SR02,6/16/2024,NULL,NULL,1,29900,5%,1495,28405,8405,Cancelled,Credit Card,Mobile App,North,
ORD-00039,C0008,P016,SR01,12/2/2023,12/5/2023,12/8/2023,3,29999,15%,13499.55,76497.45,16497.45,Completed,EMI,Website,West,3
ORD-00040,C0042,P025,SR02,4/25/2022,5/2/2022,5/5/2022,1,1599,20%,319.8,1279.2,479.2,Completed,Net Banking,Mobile App,North,2
ORD-00041,C0459,P009,SR06,1/26/2022,2/2/2022,2/3/2022,4,29900,15%,17940,101660,21660,Completed,Debit Card,Website,West,2
ORD-00042,C0236,P024,SR03,12/3/2024,NULL,NULL,2,4999,15%,1499.7,8498.3,2898.3,Cancelled,Net Banking,Retail Store,South,
ORD-00043,C0480,P011,SR03,3/28/2022,NULL,NULL,5,9999,20%,9999,39996,7496,Cancelled,Credit Card,Retail Store,South,
ORD-00044,C0247,P021,SR07,2/11/2023,2/12/2023,2/13/2023,1,8495,5%,424.75,8070.25,2570.25,Completed,EMI,Affiliate,North,3
ORD-00045,C0008,P006,SR06,9/3/2022,9/10/2022,9/11/2022,1,38999,0%,0,38999,11999,Completed,Cash on Delivery,Affiliate,West,5
ORD-00046,C0080,P012,SR02,5/25/2023,5/29/2023,5/29/2023,5,41900,10%,20950,188550,48550,Completed,EMI,Website,North,1
ORD-00047,C0183,P021,SR01,8/8/2022,8/12/2022,8/13/2022,3,8495,20%,5097,20388,3888,Completed,EMI,Retail Store,West,4
ORD-00048,C0376,P007,SR05,2/13/2024,2/19/2024,2/20/2024,3,26990,0%,0,80970,26970,Completed,Net Banking,Affiliate,East,5
ORD-00049,C0151,P018,SR06,1/24/2023,NULL,NULL,2,54999,20%,21999.6,87998.4,11998.4,Pending,UPI,Retail Store,West,
ORD-00050,C0375,P015,SR07,11/25/2022,11/30/2022,12/1/2022,4,64999,5%,12999.8,246996.2,66996.2,Completed,UPI,Social Media,North,3
ORD-00051,C0233,P001,SR06,1/15/2023,1/20/2023,1/22/2023,5,79999,5%,19999.75,379995.25,104995.25,Completed,UPI,Website,West,5
ORD-00052,C0420,P013,SR02,12/9/2024,NULL,NULL,4,19999,20%,15999.2,63996.8,11996.8,Cancelled,Debit Card,Social Media,North,
ORD-00053,C0145,P011,SR07,10/22/2023,10/23/2023,10/23/2023,1,9999,0%,0,9999,3499,Completed,Debit Card,Website,North,2
ORD-00054,C0055,P016,SR05,7/22/2022,7/27/2022,7/30/2022,4,29999,20%,23999.2,95996.8,15996.8,Completed,Cash on Delivery,Social Media,East,3
ORD-00055,C0026,P012,SR02,5/26/2022,5/28/2022,5/31/2022,1,41900,15%,6285,35615,7615,Completed,EMI,Website,North,3
ORD-00056,C0286,P024,SR07,1/26/2024,NULL,NULL,1,4999,5%,249.95,4749.05,1949.05,Cancelled,Cash on Delivery,Website,North,
ORD-00057,C0376,P003,SR05,6/9/2022,6/14/2022,6/14/2022,1,114900,5%,5745,109155,24155,Completed,Cash on Delivery,Affiliate,East,2
ORD-00058,C0099,P017,SR03,1/2/2023,NULL,NULL,5,59900,10%,29950,269550,59550,Pending,EMI,Website,South,
ORD-00059,C0393,P021,SR08,7/28/2024,NULL,NULL,4,8495,0%,0,33980,11980,Cancelled,Debit Card,Mobile App,South,
ORD-00060,C0282,P013,SR08,11/20/2022,NULL,NULL,5,19999,15%,14999.25,84995.75,19995.75,Pending,UPI,Retail Store,South,
ORD-00061,C0282,P011,SR08,4/24/2024,NULL,NULL,4,9999,10%,3999.6,35996.4,9996.4,Cancelled,Cash on Delivery,Mobile App,South,
ORD-00062,C0289,P018,SR01,2/8/2024,NULL,NULL,3,54999,10%,16499.7,148497.3,34497.3,Pending,Net Banking,Affiliate,West,
ORD-00063,C0492,P013,SR01,3/12/2022,3/17/2022,3/17/2022,5,19999,0%,0,99995,34995,Completed,UPI,Website,West,3
ORD-00064,C0114,P007,SR04,2/14/2022,NULL,NULL,3,26990,20%,16194,64776,10776,Cancelled,Cash on Delivery,Social Media,Central,
ORD-00065,C0293,P019,SR01,7/13/2022,7/17/2022,7/19/2022,2,2499,0%,0,4998,2598,Completed,UPI,Retail Store,West,5
ORD-00066,C0128,P008,SR07,9/8/2023,9/13/2023,9/16/2023,5,6999,5%,1749.75,33245.25,12245.25,Completed,EMI,Website,North,3
ORD-00067,C0406,P016,SR01,9/26/2024,NULL,NULL,5,29999,0%,0,149995,49995,Cancelled,Cash on Delivery,Retail Store,West,
ORD-00068,C0020,P024,SR07,6/10/2022,6/17/2022,6/19/2022,3,4999,10%,1499.7,13497.3,5097.3,Completed,Net Banking,Website,North,2
ORD-00069,C0383,P021,SR05,2/23/2024,2/26/2024,2/26/2024,3,8495,20%,5097,20388,3888,Completed,Cash on Delivery,Mobile App,East,3
ORD-00070,C0258,P023,SR02,11/10/2022,11/16/2022,11/19/2022,4,5999,20%,4799.2,19196.8,3996.8,Completed,Credit Card,Mobile App,North,4
ORD-00071,C0149,P013,SR01,9/28/2022,9/29/2022,10/2/2022,5,19999,0%,0,99995,34995,Completed,Cash on Delivery,Affiliate,West,3
ORD-00072,C0044,P013,SR08,9/25/2022,9/29/2022,9/30/2022,4,19999,10%,7999.6,71996.4,19996.4,Completed,EMI,Social Media,South,2
ORD-00073,C0288,P020,SR03,5/12/2023,5/15/2023,5/18/2023,3,3499,0%,0,10497,5097,Completed,Credit Card,Affiliate,South,4
ORD-00074,C0188,P012,SR01,10/19/2023,10/24/2023,10/24/2023,3,41900,0%,0,125700,41700,Completed,UPI,Social Media,West,4
ORD-00075,C0320,P005,SR06,4/2/2022,4/4/2022,4/6/2022,2,49990,0%,0,99980,29980,Completed,Credit Card,Website,West,2
ORD-00076,C0486,P020,SR04,8/13/2023,8/16/2023,8/16/2023,3,3499,15%,1574.55,8922.45,3522.45,Completed,Net Banking,Website,Central,3
ORD-00077,C0108,P024,SR02,2/22/2023,NULL,NULL,5,4999,5%,1249.75,23745.25,9745.25,Pending,Cash on Delivery,Affiliate,North,
ORD-00078,C0319,P024,SR05,2/7/2022,2/12/2022,2/12/2022,3,4999,0%,0,14997,6597,Completed,Credit Card,Retail Store,East,2
ORD-00079,C0405,P023,SR08,4/19/2022,4/25/2022,4/25/2022,1,5999,10%,599.9,5399.1,1599.1,Completed,EMI,Retail Store,South,3
ORD-00080,C0443,P004,SR04,8/23/2023,NULL,NULL,4,55990,5%,11198,212762,52762,Cancelled,Net Banking,Social Media,Central,
ORD-00081,C0364,P004,SR05,9/19/2024,NULL,NULL,5,55990,0%,0,279950,79950,Pending,Debit Card,Mobile App,East,
ORD-00082,C0257,P015,SR03,3/23/2022,3/28/2022,3/30/2022,3,64999,15%,29249.55,165747.45,30747.45,Completed,Net Banking,Mobile App,South,1
ORD-00083,C0178,P022,SR07,12/29/2023,NULL,NULL,3,7499,5%,1124.85,21372.15,6972.15,Cancelled,Cash on Delivery,Retail Store,North,
ORD-00084,C0416,P002,SR07,3/3/2024,3/8/2024,3/10/2024,2,69999,0%,0,139998,43998,Completed,UPI,Affiliate,North,2
ORD-00085,C0045,P024,SR05,12/2/2024,NULL,NULL,5,4999,5%,1249.75,23745.25,9745.25,Cancelled,Net Banking,Mobile App,East,
ORD-00086,C0294,P005,SR04,10/2/2023,NULL,NULL,3,49990,15%,22495.5,127474.5,22474.5,Pending,Cash on Delivery,Mobile App,Central,
ORD-00087,C0106,P021,SR01,2/19/2023,2/22/2023,2/23/2023,4,8495,0%,0,33980,11980,Completed,EMI,Social Media,West,2
ORD-00088,C0163,P003,SR04,1/13/2023,1/20/2023,1/21/2023,1,114900,10%,11490,103410,18410,Completed,Net Banking,Affiliate,Central,3
ORD-00089,C0227,P024,SR07,11/8/2022,11/9/2022,11/10/2022,2,4999,0%,0,9998,4398,Completed,Cash on Delivery,Social Media,North,3
ORD-00090,C0311,P019,SR03,4/21/2023,4/27/2023,4/27/2023,3,2499,0%,0,7497,3897,Completed,EMI,Affiliate,South,2
ORD-00091,C0258,P020,SR07,2/5/2024,2/12/2024,2/15/2024,4,3499,15%,2099.4,11896.6,4696.6,Completed,Debit Card,Mobile App,North,2
ORD-00092,C0116,P002,SR07,1/31/2022,2/4/2022,2/5/2022,2,69999,5%,6999.9,132998.1,36998.1,Completed,Credit Card,Mobile App,North,4
ORD-00093,C0444,P020,SR06,10/28/2023,10/30/2023,11/2/2023,4,3499,0%,0,13996,6796,Completed,Cash on Delivery,Affiliate,West,3
ORD-00094,C0202,P020,SR03,12/2/2024,12/6/2024,12/9/2024,1,3499,5%,174.95,3324.05,1524.05,Completed,Cash on Delivery,Social Media,South,4
ORD-00095,C0377,P002,SR08,11/23/2024,NULL,NULL,1,69999,5%,3499.95,66499.05,18499.05,Cancelled,UPI,Affiliate,South,
ORD-00096,C0204,P010,SR07,8/2/2024,8/6/2024,8/8/2024,5,12999,0%,0,64995,24995,Completed,EMI,Social Media,North,2
ORD-00097,C0238,P021,SR06,7/5/2022,NULL,NULL,5,8495,0%,0,42475,14975,Cancelled,Debit Card,Social Media,West,
ORD-00098,C0481,P023,SR04,3/16/2024,3/19/2024,3/22/2024,1,5999,0%,0,5999,2199,Completed,Net Banking,Social Media,Central,2
ORD-00099,C0452,P015,SR02,5/28/2023,6/3/2023,6/4/2023,1,64999,0%,0,64999,19999,Completed,Credit Card,Affiliate,North,3
ORD-00100,C0044,P017,SR08,11/13/2024,NULL,NULL,2,59900,10%,11980,107820,23820,Pending,Cash on Delivery,Affiliate,South,
ORD-00101,C0023,P025,SR01,11/18/2023,NULL,NULL,2,1599,0%,0,3198,1598,Pending,Debit Card,Mobile App,West,
ORD-00102,C0394,P023,SR01,5/9/2024,5/12/2024,5/15/2024,3,5999,0%,0,17997,6597,Completed,Credit Card,Mobile App,West,2
ORD-00103,C0002,P020,SR05,1/26/2022,1/30/2022,2/2/2022,5,3499,0%,0,17495,8495,Completed,Cash on Delivery,Affiliate,East,2
ORD-00104,C0112,P019,SR07,7/18/2024,7/22/2024,7/22/2024,5,2499,0%,0,12495,6495,Completed,Debit Card,Social Media,North,3
ORD-00105,C0318,P021,SR03,4/11/2022,4/13/2022,4/13/2022,3,8495,0%,0,25485,8985,Completed,Debit Card,Website,South,5
ORD-00106,C0430,P020,SR08,11/10/2023,11/11/2023,11/11/2023,4,3499,0%,0,13996,6796,Completed,Debit Card,Retail Store,South,5
ORD-00107,C0339,P023,SR03,7/21/2024,NULL,NULL,5,5999,10%,2999.5,26995.5,7995.5,Cancelled,Credit Card,Website,South,
ORD-00108,C0394,P010,SR06,1/25/2024,2/1/2024,2/1/2024,4,12999,20%,10399.2,41596.8,9596.8,Completed,Credit Card,Retail Store,West,4
ORD-00109,C0069,P004,SR08,11/6/2023,NULL,NULL,4,55990,20%,44792,179168,19168,Pending,Debit Card,Mobile App,South,
ORD-00110,C0314,P002,SR02,12/19/2024,12/23/2024,12/25/2024,4,69999,10%,27999.6,251996.4,59996.4,Completed,UPI,Social Media,North,5
ORD-00111,C0320,P012,SR01,10/13/2024,NULL,NULL,4,41900,15%,25140,142460,30460,Pending,Debit Card,Social Media,West,
ORD-00112,C0120,P023,SR04,2/1/2023,2/2/2023,2/2/2023,4,5999,0%,0,23996,8796,Completed,EMI,Mobile App,Central,5
ORD-00113,C0213,P014,SR05,11/15/2023,11/20/2023,11/21/2023,1,24999,5%,1249.95,23749.05,6749.05,Completed,EMI,Retail Store,East,3
ORD-00114,C0405,P003,SR08,9/7/2023,NULL,NULL,5,114900,10%,57450,517050,92050,Pending,Credit Card,Website,South,
ORD-00115,C0352,P011,SR07,3/22/2024,NULL,NULL,5,9999,0%,0,49995,17495,Cancelled,Debit Card,Mobile App,North,
ORD-00116,C0170,P011,SR07,8/29/2024,9/4/2024,9/5/2024,4,9999,0%,0,39996,13996,Completed,EMI,Affiliate,North,5
ORD-00117,C0459,P011,SR06,4/27/2024,NULL,NULL,1,9999,20%,1999.8,7999.2,1499.2,Cancelled,UPI,Social Media,West,
ORD-00118,C0372,P022,SR08,2/8/2022,2/13/2022,2/15/2022,3,7499,0%,0,22497,8097,Completed,Debit Card,Retail Store,South,1
ORD-00119,C0174,P013,SR03,3/8/2024,3/13/2024,3/13/2024,3,19999,10%,5999.7,53997.3,14997.3,Completed,EMI,Website,South,3
ORD-00120,C0212,P003,SR06,5/2/2023,5/6/2023,5/8/2023,2,114900,20%,45960,183840,13840,Completed,UPI,Mobile App,West,1
ORD-00121,C0192,P002,SR02,7/9/2022,7/14/2022,7/14/2022,4,69999,20%,55999.2,223996.8,31996.8,Completed,Debit Card,Mobile App,North,3
ORD-00122,C0473,P016,SR06,11/2/2023,11/9/2023,11/9/2023,5,29999,0%,0,149995,49995,Completed,Debit Card,Website,West,4
ORD-00123,C0199,P023,SR02,1/9/2022,1/10/2022,1/10/2022,3,5999,15%,2699.55,15297.45,3897.45,Completed,Credit Card,Website,North,5
ORD-00124,C0393,P022,SR08,2/16/2022,NULL,NULL,3,7499,5%,1124.85,21372.15,6972.15,Pending,UPI,Mobile App,South,
ORD-00125,C0099,P010,SR08,12/26/2024,1/2/2025,1/5/2025,1,12999,5%,649.95,12349.05,4349.05,Completed,Debit Card,Mobile App,South,3
ORD-00126,C0059,P001,SR02,2/28/2023,NULL,NULL,3,79999,20%,47999.4,191997.6,26997.6,Pending,UPI,Retail Store,North,
ORD-00127,C0073,P023,SR07,5/17/2023,5/18/2023,5/20/2023,5,5999,10%,2999.5,26995.5,7995.5,Completed,Cash on Delivery,Affiliate,North,1
ORD-00128,C0067,P001,SR07,4/14/2022,4/18/2022,4/18/2022,1,79999,10%,7999.9,71999.1,16999.1,Completed,Net Banking,Mobile App,North,5
ORD-00129,C0457,P019,SR08,12/30/2023,1/2/2024,1/3/2024,5,2499,0%,0,12495,6495,Completed,Net Banking,Social Media,South,2
ORD-00130,C0048,P023,SR07,7/19/2022,7/22/2022,7/25/2022,4,5999,5%,1199.8,22796.2,7596.2,Completed,Debit Card,Mobile App,North,5
ORD-00131,C0133,P012,SR05,1/11/2023,NULL,NULL,3,41900,10%,12570,113130,29130,Cancelled,Net Banking,Affiliate,East,
ORD-00132,C0016,P003,SR04,8/20/2022,8/24/2022,8/27/2022,2,114900,5%,11490,218310,48310,Completed,UPI,Social Media,Central,5
ORD-00133,C0066,P017,SR02,4/10/2024,NULL,NULL,1,59900,10%,5990,53910,11910,Cancelled,Cash on Delivery,Website,North,
ORD-00134,C0406,P010,SR06,3/31/2024,NULL,NULL,4,12999,5%,2599.8,49396.2,17396.2,Pending,Cash on Delivery,Mobile App,West,
ORD-00135,C0281,P006,SR07,2/26/2024,2/29/2024,3/1/2024,5,38999,10%,19499.5,175495.5,40495.5,Completed,Net Banking,Social Media,North,3
ORD-00136,C0279,P023,SR01,12/21/2022,NULL,NULL,1,5999,15%,899.85,5099.15,1299.15,Cancelled,Credit Card,Social Media,West,
ORD-00137,C0306,P015,SR08,7/19/2022,7/21/2022,7/23/2022,4,64999,0%,0,259996,79996,Completed,Cash on Delivery,Website,South,5
ORD-00138,C0395,P013,SR08,10/9/2024,NULL,NULL,1,19999,0%,0,19999,6999,Cancelled,Debit Card,Mobile App,South,
ORD-00139,C0455,P019,SR01,10/28/2022,NULL,NULL,2,2499,15%,749.7,4248.3,1848.3,Cancelled,Cash on Delivery,Retail Store,West,
ORD-00140,C0200,P020,SR07,2/5/2023,2/11/2023,2/13/2023,3,3499,5%,524.85,9972.15,4572.15,Completed,Net Banking,Retail Store,North,1
ORD-00141,C0299,P001,SR07,9/19/2022,9/20/2022,9/22/2022,5,79999,0%,0,399995,124995,Completed,Credit Card,Social Media,North,3
ORD-00142,C0057,P010,SR03,4/27/2023,5/3/2023,5/6/2023,3,12999,10%,3899.7,35097.3,11097.3,Completed,Net Banking,Affiliate,South,4
ORD-00143,C0280,P007,SR02,8/30/2024,9/1/2024,9/4/2024,3,26990,10%,8097,72873,18873,Completed,Debit Card,Retail Store,North,2
ORD-00144,C0069,P001,SR03,2/2/2022,2/8/2022,2/11/2022,4,79999,0%,0,319996,99996,Completed,Credit Card,Mobile App,South,4
ORD-00145,C0441,P015,SR05,1/4/2023,1/9/2023,1/12/2023,5,64999,15%,48749.25,276245.75,51245.75,Completed,Net Banking,Retail Store,East,2
ORD-00146,C0096,P014,SR04,10/17/2024,NULL,NULL,2,24999,20%,9999.6,39998.4,5998.4,Cancelled,UPI,Affiliate,Central,
ORD-00147,C0475,P018,SR06,3/10/2022,3/15/2022,3/18/2022,3,54999,0%,0,164997,50997,Completed,Cash on Delivery,Affiliate,West,1
ORD-00148,C0073,P024,SR07,8/10/2024,NULL,NULL,1,4999,20%,999.8,3999.2,1199.2,Pending,Cash on Delivery,Website,North,
ORD-00149,C0126,P016,SR02,10/2/2023,NULL,NULL,1,29999,10%,2999.9,26999.1,6999.1,Pending,Cash on Delivery,Website,North,
ORD-00150,C0241,P015,SR07,11/10/2023,11/13/2023,11/15/2023,3,64999,0%,0,194997,59997,Completed,Credit Card,Social Media,North,3
ORD-00151,C0373,P019,SR08,5/6/2022,NULL,NULL,4,2499,0%,0,9996,5196,Cancelled,Cash on Delivery,Website,South,
ORD-00152,C0337,P010,SR03,8/11/2023,8/12/2023,8/13/2023,5,12999,0%,0,64995,24995,Completed,UPI,Retail Store,South,2
ORD-00153,C0316,P009,SR07,6/11/2023,6/17/2023,6/17/2023,5,29900,0%,0,149500,49500,Completed,Cash on Delivery,Mobile App,North,4
ORD-00154,C0190,P006,SR07,4/29/2023,5/1/2023,5/1/2023,3,38999,0%,0,116997,35997,Completed,Debit Card,Social Media,North,2
ORD-00155,C0429,P016,SR06,2/24/2024,3/1/2024,3/4/2024,2,29999,5%,2999.9,56998.1,16998.1,Completed,Cash on Delivery,Retail Store,West,1
ORD-00156,C0329,P009,SR02,4/18/2022,4/22/2022,4/25/2022,4,29900,5%,5980,113620,33620,Completed,Net Banking,Social Media,North,2
ORD-00157,C0195,P022,SR07,8/29/2024,8/31/2024,9/3/2024,1,7499,5%,374.95,7124.05,2324.05,Completed,Net Banking,Affiliate,North,3
ORD-00158,C0493,P017,SR05,7/19/2022,NULL,NULL,3,59900,10%,17970,161730,35730,Pending,Cash on Delivery,Retail Store,East,
ORD-00159,C0172,P009,SR07,7/21/2022,7/27/2022,7/30/2022,4,29900,5%,5980,113620,33620,Completed,EMI,Social Media,North,2
ORD-00160,C0267,P011,SR05,10/4/2023,NULL,NULL,1,9999,0%,0,9999,3499,Pending,Credit Card,Website,East,
ORD-00161,C0211,P004,SR03,7/2/2024,7/4/2024,7/6/2024,3,55990,5%,8398.5,159571.5,39571.5,Completed,Credit Card,Website,South,5
ORD-00162,C0048,P002,SR02,9/7/2022,NULL,NULL,1,69999,0%,0,69999,21999,Cancelled,Cash on Delivery,Mobile App,North,
ORD-00163,C0193,P022,SR02,8/16/2022,NULL,NULL,2,7499,5%,749.9,14248.1,4648.1,Cancelled,UPI,Affiliate,North,
ORD-00164,C0339,P003,SR08,7/21/2023,7/27/2023,7/29/2023,3,114900,0%,0,344700,89700,Completed,Credit Card,Retail Store,South,1
ORD-00165,C0196,P013,SR05,5/4/2022,5/11/2022,5/13/2022,2,19999,15%,5999.7,33998.3,7998.3,Completed,Credit Card,Affiliate,East,2
ORD-00166,C0313,P013,SR03,10/4/2024,10/6/2024,10/9/2024,2,19999,0%,0,39998,13998,Completed,Net Banking,Retail Store,South,1
ORD-00167,C0018,P003,SR05,5/29/2023,5/30/2023,6/2/2023,2,114900,0%,0,229800,59800,Completed,Credit Card,Affiliate,East,3
ORD-00168,C0078,P023,SR08,3/12/2024,NULL,NULL,1,5999,20%,1199.8,4799.2,999.2,Pending,EMI,Affiliate,South,
ORD-00169,C0245,P014,SR04,5/24/2022,NULL,NULL,2,24999,0%,0,49998,15998,Pending,Net Banking,Affiliate,Central,
ORD-00170,C0063,P019,SR07,11/14/2023,NULL,NULL,3,2499,10%,749.7,6747.3,3147.3,Cancelled,Credit Card,Website,North,
ORD-00171,C0188,P018,SR06,6/14/2022,6/21/2022,6/23/2022,2,54999,0%,0,109998,33998,Completed,Cash on Delivery,Website,West,4
ORD-00172,C0339,P007,SR08,3/9/2024,3/15/2024,3/17/2024,4,26990,0%,0,107960,35960,Completed,EMI,Affiliate,South,2
ORD-00173,C0072,P002,SR03,2/21/2022,NULL,NULL,5,69999,5%,17499.75,332495.25,92495.25,Cancelled,Net Banking,Affiliate,South,
ORD-00174,C0033,P018,SR08,10/20/2024,NULL,NULL,4,54999,0%,0,219996,67996,Pending,Credit Card,Retail Store,South,
ORD-00175,C0029,P011,SR03,4/10/2024,4/12/2024,4/15/2024,5,9999,0%,0,49995,17495,Completed,EMI,Social Media,South,2
ORD-00176,C0474,P003,SR02,10/17/2022,10/23/2022,10/23/2022,4,114900,0%,0,459600,119600,Completed,Debit Card,Mobile App,North,1
ORD-00177,C0089,P021,SR02,9/22/2023,9/26/2023,9/27/2023,5,8495,0%,0,42475,14975,Completed,Credit Card,Website,North,4
ORD-00178,C0305,P020,SR03,5/10/2022,5/14/2022,5/16/2022,4,3499,10%,1399.6,12596.4,5396.4,Completed,Credit Card,Social Media,South,5
ORD-00179,C0071,P011,SR01,4/4/2022,NULL,NULL,2,9999,10%,1999.8,17998.2,4998.2,Pending,Credit Card,Website,West,
ORD-00180,C0141,P005,SR07,12/11/2022,NULL,NULL,3,49990,20%,29994,119976,14976,Cancelled,Debit Card,Affiliate,North,
ORD-00181,C0125,P019,SR01,10/1/2022,10/8/2022,10/11/2022,2,2499,0%,0,4998,2598,Completed,Net Banking,Website,West,1
ORD-00182,C0004,P006,SR01,8/5/2023,8/11/2023,8/14/2023,2,38999,5%,3899.9,74098.1,20098.1,Completed,Debit Card,Retail Store,West,5
ORD-00183,C0231,P014,SR03,12/24/2022,NULL,NULL,1,24999,0%,0,24999,7999,Pending,EMI,Affiliate,South,
ORD-00184,C0314,P003,SR07,12/14/2023,12/15/2023,12/16/2023,2,114900,0%,0,229800,59800,Completed,Cash on Delivery,Website,North,5
ORD-00185,C0186,P025,SR05,8/8/2024,NULL,NULL,2,1599,5%,159.9,3038.1,1438.1,Cancelled,Credit Card,Mobile App,East,
ORD-00186,C0058,P005,SR06,10/15/2024,10/17/2024,10/17/2024,1,49990,10%,4999,44991,9991,Completed,UPI,Mobile App,West,4
ORD-00187,C0129,P011,SR06,3/30/2022,4/5/2022,4/5/2022,5,9999,0%,0,49995,17495,Completed,Debit Card,Website,West,4
ORD-00188,C0264,P004,SR01,4/27/2023,NULL,NULL,4,55990,10%,22396,201564,41564,Cancelled,Net Banking,Mobile App,West,
ORD-00189,C0383,P022,SR05,4/17/2023,4/20/2023,4/21/2023,1,7499,5%,374.95,7124.05,2324.05,Completed,EMI,Affiliate,East,2
ORD-00190,C0193,P008,SR02,8/22/2024,NULL,NULL,4,6999,0%,0,27996,11196,Pending,Net Banking,Mobile App,North,
ORD-00191,C0111,P020,SR06,12/31/2022,1/3/2023,1/4/2023,4,3499,5%,699.8,13296.2,6096.2,Completed,EMI,Retail Store,West,3
ORD-00192,C0104,P011,SR03,3/7/2022,NULL,NULL,5,9999,0%,0,49995,17495,Cancelled,UPI,Mobile App,South,
ORD-00193,C0057,P015,SR08,5/6/2024,5/13/2024,5/15/2024,2,64999,5%,6499.9,123498.1,33498.1,Completed,Cash on Delivery,Mobile App,South,5
ORD-00194,C0464,P006,SR02,6/27/2022,7/4/2022,7/7/2022,2,38999,15%,11699.7,66298.3,12298.3,Completed,Net Banking,Retail Store,North,1
ORD-00195,C0374,P014,SR01,5/23/2023,5/27/2023,5/28/2023,5,24999,0%,0,124995,39995,Completed,Cash on Delivery,Website,West,4
ORD-00196,C0023,P002,SR06,10/29/2024,11/2/2024,11/5/2024,4,69999,0%,0,279996,87996,Completed,Net Banking,Affiliate,West,2
ORD-00197,C0043,P018,SR01,4/12/2024,4/14/2024,4/16/2024,3,54999,5%,8249.85,156747.15,42747.15,Completed,EMI,Website,West,1
ORD-00198,C0246,P022,SR08,11/28/2022,NULL,NULL,4,7499,0%,0,29996,10796,Cancelled,Net Banking,Affiliate,South,
ORD-00199,C0396,P005,SR04,1/14/2023,1/20/2023,1/23/2023,1,49990,0%,0,49990,14990,Completed,Net Banking,Retail Store,Central,5
ORD-00200,C0017,P010,SR05,7/7/2023,NULL,NULL,5,12999,20%,12999,51996,11996,Cancelled,Cash on Delivery,Mobile App,East,
ORD-00201,C0404,P022,SR05,11/19/2023,NULL,NULL,1,7499,20%,1499.8,5999.2,1199.2,Cancelled,EMI,Retail Store,East,
ORD-00202,C0455,P002,SR01,2/24/2024,2/28/2024,2/28/2024,3,69999,10%,20999.7,188997.3,44997.3,Completed,Debit Card,Social Media,West,1
ORD-00203,C0288,P023,SR03,10/11/2022,10/13/2022,10/13/2022,4,5999,5%,1199.8,22796.2,7596.2,Completed,EMI,Mobile App,South,3
ORD-00204,C0181,P009,SR05,7/22/2023,7/23/2023,7/25/2023,3,29900,15%,13455,76245,16245,Completed,Net Banking,Social Media,East,5
ORD-00205,C0425,P004,SR07,12/25/2024,NULL,NULL,5,55990,5%,13997.5,265952.5,65952.5,Cancelled,Net Banking,Social Media,North,
ORD-00206,C0189,P022,SR03,1/21/2023,1/22/2023,1/22/2023,4,7499,0%,0,29996,10796,Completed,UPI,Website,South,1
ORD-00207,C0085,P009,SR05,10/31/2022,11/2/2022,11/3/2022,5,29900,0%,0,149500,49500,Completed,UPI,Affiliate,East,5
ORD-00208,C0478,P005,SR07,12/12/2023,12/16/2023,12/16/2023,3,49990,5%,7498.5,142471.5,37471.5,Completed,Credit Card,Website,North,2
ORD-00209,C0428,P017,SR07,4/23/2024,NULL,NULL,3,59900,10%,17970,161730,35730,Pending,Net Banking,Social Media,North,
ORD-00210,C0341,P023,SR07,7/26/2024,7/31/2024,8/1/2024,3,5999,0%,0,17997,6597,Completed,UPI,Mobile App,North,4
ORD-00211,C0191,P010,SR02,10/31/2022,11/3/2022,11/6/2022,2,12999,0%,0,25998,9998,Completed,EMI,Social Media,North,3
ORD-00212,C0094,P006,SR05,11/27/2022,11/28/2022,11/28/2022,3,38999,0%,0,116997,35997,Completed,Net Banking,Retail Store,East,3
ORD-00213,C0095,P007,SR01,10/12/2023,10/14/2023,10/16/2023,4,26990,20%,21592,86368,14368,Completed,Debit Card,Social Media,West,3
ORD-00214,C0063,P001,SR07,10/19/2024,10/23/2024,10/25/2024,2,79999,0%,0,159998,49998,Completed,EMI,Social Media,North,5
ORD-00215,C0170,P021,SR07,8/28/2024,9/4/2024,9/5/2024,5,8495,15%,6371.25,36103.75,8603.75,Completed,UPI,Website,North,4
ORD-00216,C0461,P002,SR05,8/28/2022,8/29/2022,9/1/2022,5,69999,5%,17499.75,332495.25,92495.25,Completed,Net Banking,Retail Store,East,1
ORD-00217,C0168,P002,SR04,12/14/2024,12/21/2024,12/23/2024,2,69999,0%,0,139998,43998,Completed,Credit Card,Social Media,Central,4
ORD-00218,C0347,P022,SR02,11/14/2024,11/16/2024,11/19/2024,3,7499,20%,4499.4,17997.6,3597.6,Completed,Credit Card,Retail Store,North,4
ORD-00219,C0076,P023,SR07,1/28/2024,1/31/2024,1/31/2024,3,5999,10%,1799.7,16197.3,4797.3,Completed,UPI,Retail Store,North,4
ORD-00220,C0448,P018,SR03,3/18/2023,NULL,NULL,4,54999,10%,21999.6,197996.4,45996.4,Cancelled,Net Banking,Retail Store,South,
ORD-00221,C0084,P024,SR07,4/28/2024,5/5/2024,5/5/2024,2,4999,5%,499.9,9498.1,3898.1,Completed,UPI,Affiliate,North,5
ORD-00222,C0172,P003,SR07,7/1/2022,7/5/2022,7/7/2022,4,114900,0%,0,459600,119600,Completed,Cash on Delivery,Affiliate,North,5
ORD-00223,C0387,P005,SR02,1/16/2023,1/19/2023,1/22/2023,1,49990,5%,2499.5,47490.5,12490.5,Completed,Cash on Delivery,Retail Store,North,4
ORD-00224,C0287,P024,SR07,4/5/2023,4/12/2023,4/12/2023,2,4999,5%,499.9,9498.1,3898.1,Completed,UPI,Affiliate,North,1
ORD-00225,C0335,P022,SR08,5/4/2024,5/8/2024,5/9/2024,1,7499,0%,0,7499,2699,Completed,UPI,Affiliate,South,1
ORD-00226,C0307,P024,SR08,9/11/2024,NULL,NULL,4,4999,5%,999.8,18996.2,7796.2,Pending,EMI,Affiliate,South,
ORD-00227,C0499,P023,SR04,2/4/2024,NULL,NULL,5,5999,0%,0,29995,10995,Pending,UPI,Mobile App,Central,
ORD-00228,C0298,P002,SR02,10/17/2023,10/23/2023,10/24/2023,3,69999,0%,0,209997,65997,Completed,Credit Card,Retail Store,North,3
ORD-00229,C0215,P021,SR04,4/10/2022,4/13/2022,4/13/2022,5,8495,5%,2123.75,40351.25,12851.25,Completed,EMI,Mobile App,Central,1
ORD-00230,C0307,P025,SR03,10/23/2023,10/30/2023,11/1/2023,3,1599,10%,479.7,4317.3,1917.3,Completed,Credit Card,Social Media,South,5
ORD-00231,C0181,P005,SR05,10/8/2022,NULL,NULL,3,49990,10%,14997,134973,29973,Pending,Net Banking,Affiliate,East,
ORD-00232,C0175,P006,SR02,3/23/2023,3/28/2023,3/29/2023,2,38999,20%,15599.6,62398.4,8398.4,Completed,Cash on Delivery,Social Media,North,5
ORD-00233,C0365,P018,SR02,5/4/2024,5/5/2024,5/5/2024,2,54999,0%,0,109998,33998,Completed,Net Banking,Retail Store,North,3
ORD-00234,C0354,P012,SR02,6/24/2024,NULL,NULL,5,41900,10%,20950,188550,48550,Pending,Debit Card,Retail Store,North,
ORD-00235,C0015,P024,SR05,4/1/2023,4/8/2023,4/9/2023,2,4999,5%,499.9,9498.1,3898.1,Completed,Debit Card,Mobile App,East,2
ORD-00236,C0041,P014,SR02,6/9/2022,6/16/2022,6/19/2022,4,24999,0%,0,99996,31996,Completed,Debit Card,Website,North,1
ORD-00237,C0407,P022,SR03,8/18/2024,8/21/2024,8/21/2024,1,7499,5%,374.95,7124.05,2324.05,Completed,EMI,Website,South,1
ORD-00238,C0401,P004,SR02,2/14/2023,2/20/2023,2/22/2023,1,55990,0%,0,55990,15990,Completed,Debit Card,Retail Store,North,5
ORD-00239,C0179,P012,SR02,10/22/2024,NULL,NULL,5,41900,5%,10475,199025,59025,Cancelled,Cash on Delivery,Social Media,North,
ORD-00240,C0035,P004,SR02,12/19/2024,12/25/2024,12/26/2024,3,55990,0%,0,167970,47970,Completed,Cash on Delivery,Website,North,1
ORD-00241,C0474,P007,SR07,1/21/2024,NULL,NULL,5,26990,0%,0,134950,44950,Cancelled,Net Banking,Website,North,
ORD-00242,C0093,P012,SR06,5/18/2024,5/23/2024,5/24/2024,4,41900,0%,0,167600,55600,Completed,UPI,Website,West,4
ORD-00243,C0057,P017,SR03,10/12/2024,10/18/2024,10/20/2024,5,59900,0%,0,299500,89500,Completed,Credit Card,Retail Store,South,4
ORD-00244,C0060,P013,SR08,7/24/2024,NULL,NULL,3,19999,15%,8999.55,50997.45,11997.45,Pending,Debit Card,Social Media,South,
ORD-00245,C0209,P010,SR08,1/22/2023,1/29/2023,2/1/2023,3,12999,0%,0,38997,14997,Completed,Credit Card,Affiliate,South,1
ORD-00246,C0203,P015,SR02,9/2/2022,9/6/2022,9/9/2022,5,64999,0%,0,324995,99995,Completed,EMI,Mobile App,North,1
ORD-00247,C0187,P007,SR07,2/15/2023,NULL,NULL,4,26990,0%,0,107960,35960,Pending,Debit Card,Affiliate,North,
ORD-00248,C0372,P016,SR08,7/14/2023,NULL,NULL,4,29999,10%,11999.6,107996.4,27996.4,Cancelled,Net Banking,Social Media,South,
ORD-00249,C0487,P013,SR07,11/13/2024,11/15/2024,11/18/2024,1,19999,0%,0,19999,6999,Completed,UPI,Affiliate,North,4
ORD-00250,C0119,P021,SR03,3/2/2022,3/8/2022,3/8/2022,1,8495,15%,1274.25,7220.75,1720.75,Completed,EMI,Website,South,2
ORD-00251,C0196,P020,SR05,11/9/2022,11/14/2022,11/14/2022,1,3499,20%,699.8,2799.2,999.2,Completed,Net Banking,Affiliate,East,2
ORD-00252,C0151,P022,SR06,10/1/2024,NULL,NULL,3,7499,20%,4499.4,17997.6,3597.6,Pending,UPI,Social Media,West,
ORD-00253,C0280,P001,SR02,5/31/2024,6/4/2024,6/7/2024,3,79999,10%,23999.7,215997.3,50997.3,Completed,Net Banking,Affiliate,North,1
ORD-00254,C0017,P006,SR05,12/3/2022,12/7/2022,12/8/2022,3,38999,10%,11699.7,105297.3,24297.3,Completed,Net Banking,Website,East,5
ORD-00255,C0346,P016,SR07,9/1/2024,NULL,NULL,2,29999,20%,11999.6,47998.4,7998.4,Pending,Credit Card,Affiliate,North,
ORD-00256,C0135,P016,SR06,12/24/2023,12/27/2023,12/27/2023,1,29999,0%,0,29999,9999,Completed,Debit Card,Retail Store,West,3
ORD-00257,C0415,P024,SR04,11/30/2023,12/1/2023,12/4/2023,3,4999,10%,1499.7,13497.3,5097.3,Completed,Net Banking,Retail Store,Central,1
ORD-00258,C0339,P008,SR03,4/26/2023,NULL,NULL,3,6999,0%,0,20997,8397,Cancelled,EMI,Website,South,
ORD-00259,C0445,P010,SR02,11/23/2023,11/24/2023,11/26/2023,1,12999,15%,1949.85,11049.15,3049.15,Completed,EMI,Affiliate,North,5
ORD-00260,C0264,P014,SR06,2/11/2022,NULL,NULL,4,24999,0%,0,99996,31996,Cancelled,UPI,Affiliate,West,
ORD-00261,C0293,P013,SR06,7/20/2022,7/21/2022,7/22/2022,3,19999,15%,8999.55,50997.45,11997.45,Completed,Cash on Delivery,Retail Store,West,2
ORD-00262,C0315,P010,SR06,6/11/2024,6/15/2024,6/15/2024,5,12999,5%,3249.75,61745.25,21745.25,Completed,UPI,Retail Store,West,1
ORD-00263,C0153,P019,SR07,4/8/2023,NULL,NULL,1,2499,0%,0,2499,1299,Pending,Cash on Delivery,Retail Store,North,
ORD-00264,C0140,P003,SR06,5/24/2024,5/27/2024,5/27/2024,3,114900,20%,68940,275760,20760,Completed,UPI,Affiliate,West,5
ORD-00265,C0161,P007,SR07,4/3/2024,4/8/2024,4/11/2024,5,26990,0%,0,134950,44950,Completed,Credit Card,Social Media,North,2
ORD-00266,C0296,P016,SR01,8/15/2024,8/21/2024,8/24/2024,5,29999,0%,0,149995,49995,Completed,Cash on Delivery,Mobile App,West,3
ORD-00267,C0237,P005,SR01,11/5/2022,NULL,NULL,3,49990,10%,14997,134973,29973,Cancelled,Net Banking,Retail Store,West,
ORD-00268,C0441,P003,SR05,4/24/2024,5/1/2024,5/3/2024,2,114900,5%,11490,218310,48310,Completed,EMI,Social Media,East,2
ORD-00269,C0208,P008,SR01,11/4/2022,11/5/2022,11/6/2022,3,6999,15%,3149.55,17847.45,5247.45,Completed,Net Banking,Social Media,West,4
ORD-00270,C0217,P021,SR04,2/18/2023,2/21/2023,2/22/2023,1,8495,5%,424.75,8070.25,2570.25,Completed,UPI,Social Media,Central,2
ORD-00271,C0330,P002,SR05,2/10/2022,2/17/2022,2/17/2022,3,69999,5%,10499.85,199497.15,55497.15,Completed,Credit Card,Affiliate,East,3
ORD-00272,C0344,P022,SR02,3/23/2024,NULL,NULL,2,7499,5%,749.9,14248.1,4648.1,Cancelled,Credit Card,Social Media,North,
ORD-00273,C0377,P017,SR03,12/4/2024,NULL,NULL,5,59900,20%,59900,239600,29600,Cancelled,UPI,Affiliate,South,
ORD-00274,C0453,P003,SR01,9/8/2022,9/11/2022,9/14/2022,2,114900,10%,22980,206820,36820,Completed,Debit Card,Mobile App,West,1
ORD-00275,C0090,P007,SR08,6/19/2024,6/22/2024,6/22/2024,4,26990,20%,21592,86368,14368,Completed,UPI,Website,South,3
ORD-00276,C0280,P014,SR07,5/20/2023,5/27/2023,5/28/2023,3,24999,15%,11249.55,63747.45,12747.45,Completed,EMI,Retail Store,North,3
ORD-00277,C0011,P021,SR02,4/22/2022,NULL,NULL,2,8495,5%,849.5,16140.5,5140.5,Cancelled,Cash on Delivery,Affiliate,North,
ORD-00278,C0159,P021,SR07,9/7/2022,NULL,NULL,2,8495,15%,2548.5,14441.5,3441.5,Pending,Net Banking,Website,North,
ORD-00279,C0466,P013,SR07,9/9/2023,9/16/2023,9/17/2023,3,19999,5%,2999.85,56997.15,17997.15,Completed,Debit Card,Affiliate,North,3
ORD-00280,C0451,P025,SR05,3/11/2022,3/18/2022,3/18/2022,4,1599,15%,959.4,5436.6,2236.6,Completed,EMI,Affiliate,East,3
ORD-00281,C0368,P014,SR01,11/25/2022,NULL,NULL,3,24999,20%,14999.4,59997.6,8997.6,Cancelled,Credit Card,Retail Store,West,
ORD-00282,C0216,P020,SR06,7/17/2024,NULL,NULL,1,3499,0%,0,3499,1699,Cancelled,EMI,Mobile App,West,
ORD-00283,C0323,P015,SR05,1/7/2022,1/9/2022,1/11/2022,3,64999,0%,0,194997,59997,Completed,Credit Card,Mobile App,East,2
ORD-00284,C0265,P023,SR05,4/20/2024,4/24/2024,4/27/2024,2,5999,5%,599.9,11398.1,3798.1,Completed,Debit Card,Social Media,East,3
ORD-00285,C0410,P010,SR02,6/22/2022,6/25/2022,6/26/2022,4,12999,10%,5199.6,46796.4,14796.4,Completed,Cash on Delivery,Mobile App,North,1
ORD-00286,C0486,P001,SR04,7/2/2022,7/4/2022,7/6/2022,2,79999,0%,0,159998,49998,Completed,Net Banking,Social Media,Central,4
ORD-00287,C0308,P009,SR02,7/2/2022,7/4/2022,7/4/2022,1,29900,20%,5980,23920,3920,Completed,Net Banking,Affiliate,North,4
ORD-00288,C0061,P008,SR02,1/26/2023,1/29/2023,2/1/2023,4,6999,0%,0,27996,11196,Completed,Net Banking,Mobile App,North,5
ORD-00289,C0111,P010,SR01,5/6/2024,5/10/2024,5/11/2024,1,12999,5%,649.95,12349.05,4349.05,Completed,UPI,Mobile App,West,5
ORD-00290,C0231,P008,SR08,7/27/2024,7/28/2024,7/31/2024,2,6999,10%,1399.8,12598.2,4198.2,Completed,EMI,Affiliate,South,2
ORD-00291,C0366,P013,SR06,6/9/2023,6/10/2023,6/10/2023,1,19999,10%,1999.9,17999.1,4999.1,Completed,Debit Card,Affiliate,West,3
ORD-00292,C0311,P022,SR03,1/11/2022,1/16/2022,1/19/2022,3,7499,10%,2249.7,20247.3,5847.3,Completed,EMI,Retail Store,South,2
ORD-00293,C0496,P018,SR02,1/3/2023,1/5/2023,1/8/2023,3,54999,15%,24749.55,140247.45,26247.45,Completed,Debit Card,Website,North,3
ORD-00294,C0364,P017,SR05,10/18/2022,10/19/2022,10/21/2022,1,59900,0%,0,59900,17900,Completed,Net Banking,Retail Store,East,3
ORD-00295,C0475,P014,SR06,6/24/2023,NULL,NULL,3,24999,20%,14999.4,59997.6,8997.6,Pending,UPI,Affiliate,West,
ORD-00296,C0458,P006,SR08,10/3/2024,10/8/2024,10/11/2024,1,38999,5%,1949.95,37049.05,10049.05,Completed,Debit Card,Website,South,2
ORD-00297,C0094,P002,SR05,6/17/2023,6/23/2023,6/26/2023,4,69999,0%,0,279996,87996,Completed,Net Banking,Website,East,4
ORD-00298,C0183,P023,SR06,7/26/2024,7/27/2024,7/28/2024,1,5999,10%,599.9,5399.1,1599.1,Completed,Credit Card,Mobile App,West,3
ORD-00299,C0093,P006,SR06,3/11/2023,NULL,NULL,1,38999,20%,7799.8,31199.2,4199.2,Pending,Cash on Delivery,Mobile App,West,
ORD-00300,C0214,P003,SR03,10/17/2024,NULL,NULL,1,114900,10%,11490,103410,18410,Cancelled,Credit Card,Retail Store,South,
ORD-00301,C0349,P022,SR03,3/18/2024,3/23/2024,3/23/2024,3,7499,0%,0,22497,8097,Completed,Credit Card,Website,South,4
ORD-00302,C0426,P023,SR06,7/18/2024,NULL,NULL,3,5999,0%,0,17997,6597,Cancelled,UPI,Website,West,
ORD-00303,C0336,P020,SR04,10/28/2023,NULL,NULL,5,3499,0%,0,17495,8495,Cancelled,Debit Card,Website,Central,
ORD-00304,C0411,P021,SR07,10/24/2023,10/30/2023,10/30/2023,5,8495,10%,4247.5,38227.5,10727.5,Completed,Credit Card,Affiliate,North,3
ORD-00305,C0092,P008,SR07,7/2/2022,7/9/2022,7/10/2022,2,6999,10%,1399.8,12598.2,4198.2,Completed,Net Banking,Retail Store,North,2
ORD-00306,C0062,P010,SR08,6/4/2024,NULL,NULL,3,12999,0%,0,38997,14997,Cancelled,UPI,Website,South,
ORD-00307,C0427,P012,SR01,9/29/2024,10/3/2024,10/6/2024,3,41900,10%,12570,113130,29130,Completed,Credit Card,Affiliate,West,3
ORD-00308,C0315,P006,SR06,5/22/2024,5/23/2024,5/25/2024,4,38999,5%,7799.8,148196.2,40196.2,Completed,EMI,Mobile App,West,4
ORD-00309,C0270,P021,SR02,8/19/2023,8/23/2023,8/23/2023,4,8495,5%,1699,32281,10281,Completed,Debit Card,Mobile App,North,3
ORD-00310,C0431,P008,SR08,8/29/2023,NULL,NULL,1,6999,20%,1399.8,5599.2,1399.2,Pending,Credit Card,Website,South,
ORD-00311,C0263,P004,SR08,4/25/2024,4/29/2024,5/1/2024,3,55990,5%,8398.5,159571.5,39571.5,Completed,Cash on Delivery,Website,South,5
ORD-00312,C0009,P004,SR06,1/3/2023,1/10/2023,1/13/2023,1,55990,0%,0,55990,15990,Completed,Net Banking,Retail Store,West,3
ORD-00313,C0301,P024,SR07,7/10/2024,NULL,NULL,3,4999,10%,1499.7,13497.3,5097.3,Pending,Debit Card,Mobile App,North,
ORD-00314,C0095,P003,SR06,8/6/2022,8/11/2022,8/11/2022,1,114900,10%,11490,103410,18410,Completed,Credit Card,Website,West,2
ORD-00315,C0336,P016,SR04,4/9/2024,NULL,NULL,5,29999,15%,22499.25,127495.75,27495.75,Cancelled,UPI,Social Media,Central,
ORD-00316,C0417,P020,SR08,3/19/2024,3/20/2024,3/21/2024,2,3499,0%,0,6998,3398,Completed,Debit Card,Website,South,1
ORD-00317,C0357,P007,SR01,3/5/2023,3/11/2023,3/12/2023,2,26990,10%,5398,48582,12582,Completed,EMI,Social Media,West,2
ORD-00318,C0045,P010,SR05,10/31/2022,11/4/2022,11/4/2022,1,12999,0%,0,12999,4999,Completed,Debit Card,Affiliate,East,4
ORD-00319,C0242,P001,SR07,5/12/2023,5/15/2023,5/18/2023,1,79999,10%,7999.9,71999.1,16999.1,Completed,Credit Card,Website,North,4
ORD-00320,C0213,P016,SR05,3/17/2022,3/21/2022,3/24/2022,5,29999,15%,22499.25,127495.75,27495.75,Completed,Debit Card,Website,East,5
ORD-00321,C0010,P014,SR06,5/11/2022,5/17/2022,5/20/2022,4,24999,0%,0,99996,31996,Completed,Net Banking,Social Media,West,3
ORD-00322,C0230,P023,SR06,2/12/2022,2/15/2022,2/16/2022,4,5999,10%,2399.6,21596.4,6396.4,Completed,Net Banking,Mobile App,West,5
ORD-00323,C0113,P019,SR07,8/17/2024,8/20/2024,8/23/2024,4,2499,10%,999.6,8996.4,4196.4,Completed,Net Banking,Mobile App,North,5
ORD-00324,C0107,P010,SR02,9/15/2024,9/17/2024,9/18/2024,2,12999,15%,3899.7,22098.3,6098.3,Completed,Credit Card,Affiliate,North,4
ORD-00325,C0156,P008,SR03,4/7/2022,4/10/2022,4/12/2022,3,6999,0%,0,20997,8397,Completed,Debit Card,Social Media,South,1
ORD-00326,C0414,P003,SR05,5/31/2024,6/5/2024,6/6/2024,1,114900,20%,22980,91920,6920,Completed,Debit Card,Affiliate,East,3
ORD-00327,C0175,P012,SR02,7/2/2023,7/9/2023,7/9/2023,1,41900,15%,6285,35615,7615,Completed,Net Banking,Website,North,1
ORD-00328,C0401,P020,SR02,3/27/2022,NULL,NULL,1,3499,0%,0,3499,1699,Pending,EMI,Website,North,
ORD-00329,C0446,P007,SR06,11/18/2022,NULL,NULL,3,26990,15%,12145.5,68824.5,14824.5,Cancelled,Cash on Delivery,Affiliate,West,
ORD-00330,C0376,P004,SR05,1/15/2024,1/22/2024,1/23/2024,1,55990,5%,2799.5,53190.5,13190.5,Completed,Net Banking,Affiliate,East,1
ORD-00331,C0126,P016,SR07,8/11/2023,NULL,NULL,2,29999,0%,0,59998,19998,Pending,UPI,Retail Store,North,
ORD-00332,C0367,P025,SR05,1/9/2024,NULL,NULL,2,1599,0%,0,3198,1598,Cancelled,Cash on Delivery,Affiliate,East,
ORD-00333,C0404,P008,SR05,5/28/2024,6/1/2024,6/4/2024,5,6999,10%,3499.5,31495.5,10495.5,Completed,Credit Card,Affiliate,East,2
ORD-00334,C0395,P001,SR03,6/23/2022,6/26/2022,6/29/2022,2,79999,10%,15999.8,143998.2,33998.2,Completed,Credit Card,Affiliate,South,1
ORD-00335,C0339,P021,SR03,4/29/2022,NULL,NULL,5,8495,5%,2123.75,40351.25,12851.25,Cancelled,Net Banking,Affiliate,South,
ORD-00336,C0454,P022,SR08,10/5/2023,10/6/2023,10/8/2023,5,7499,0%,0,37495,13495,Completed,EMI,Affiliate,South,4
ORD-00337,C0330,P007,SR05,12/9/2023,NULL,NULL,4,26990,5%,5398,102562,30562,Cancelled,UPI,Website,East,
ORD-00338,C0019,P018,SR07,3/9/2024,NULL,NULL,2,54999,20%,21999.6,87998.4,11998.4,Cancelled,Cash on Delivery,Retail Store,North,
ORD-00339,C0110,P003,SR08,12/3/2024,12/10/2024,12/11/2024,1,114900,0%,0,114900,29900,Completed,Cash on Delivery,Social Media,South,3
ORD-00340,C0124,P025,SR06,5/15/2024,NULL,NULL,1,1599,0%,0,1599,799,Pending,UPI,Retail Store,West,
ORD-00341,C0322,P017,SR07,9/11/2022,9/18/2022,9/18/2022,4,59900,5%,11980,227620,59620,Completed,Cash on Delivery,Website,North,4
ORD-00342,C0174,P008,SR03,12/19/2023,12/22/2023,12/23/2023,4,6999,20%,5599.2,22396.8,5596.8,Completed,EMI,Mobile App,South,1
ORD-00343,C0168,P017,SR04,1/10/2024,1/11/2024,1/12/2024,4,59900,10%,23960,215640,47640,Completed,Credit Card,Website,Central,1
ORD-00344,C0218,P005,SR08,3/16/2023,3/17/2023,3/19/2023,5,49990,10%,24995,224955,49955,Completed,Cash on Delivery,Social Media,South,5
ORD-00345,C0399,P013,SR07,10/18/2024,NULL,NULL,4,19999,15%,11999.4,67996.6,15996.6,Cancelled,EMI,Affiliate,North,
ORD-00346,C0375,P014,SR02,10/23/2022,NULL,NULL,2,24999,15%,7499.7,42498.3,8498.3,Pending,EMI,Affiliate,North,
ORD-00347,C0067,P023,SR02,3/12/2023,3/16/2023,3/16/2023,2,5999,20%,2399.6,9598.4,1998.4,Completed,UPI,Website,North,5
ORD-00348,C0437,P014,SR05,9/5/2022,9/10/2022,9/12/2022,1,24999,20%,4999.8,19999.2,2999.2,Completed,Debit Card,Website,East,3
ORD-00349,C0157,P012,SR08,8/26/2023,8/27/2023,8/28/2023,2,41900,10%,8380,75420,19420,Completed,Credit Card,Retail Store,South,3
ORD-00350,C0111,P006,SR06,1/5/2022,1/10/2022,1/12/2022,1,38999,0%,0,38999,11999,Completed,Net Banking,Affiliate,West,5
ORD-00351,C0159,P019,SR07,11/23/2023,11/27/2023,11/28/2023,2,2499,20%,999.6,3998.4,1598.4,Completed,EMI,Affiliate,North,4
ORD-00352,C0342,P015,SR05,10/29/2023,11/5/2023,11/8/2023,4,64999,5%,12999.8,246996.2,66996.2,Completed,Net Banking,Retail Store,East,5
ORD-00353,C0024,P022,SR06,7/23/2023,NULL,NULL,1,7499,0%,0,7499,2699,Cancelled,EMI,Website,West,
ORD-00354,C0293,P021,SR06,9/11/2022,NULL,NULL,5,8495,0%,0,42475,14975,Cancelled,Debit Card,Social Media,West,
ORD-00355,C0278,P019,SR01,12/4/2024,12/11/2024,12/14/2024,5,2499,0%,0,12495,6495,Completed,Credit Card,Social Media,West,2
ORD-00356,C0493,P001,SR05,2/26/2023,3/5/2023,3/8/2023,1,79999,20%,15999.8,63999.2,8999.2,Completed,Cash on Delivery,Retail Store,East,4
ORD-00357,C0302,P002,SR05,2/17/2022,2/21/2022,2/22/2022,4,69999,0%,0,279996,87996,Completed,Cash on Delivery,Retail Store,East,4
ORD-00358,C0132,P003,SR03,7/23/2022,NULL,NULL,2,114900,5%,11490,218310,48310,Pending,Debit Card,Mobile App,South,
ORD-00359,C0131,P025,SR02,11/12/2022,11/16/2022,11/17/2022,1,1599,10%,159.9,1439.1,639.1,Completed,Debit Card,Website,North,1
ORD-00360,C0153,P013,SR02,10/18/2023,10/22/2023,10/24/2023,3,19999,10%,5999.7,53997.3,14997.3,Completed,Credit Card,Website,North,2
ORD-00361,C0123,P025,SR01,10/6/2024,NULL,NULL,5,1599,10%,799.5,7195.5,3195.5,Pending,Credit Card,Retail Store,West,
ORD-00362,C0032,P011,SR08,4/13/2024,4/17/2024,4/17/2024,4,9999,5%,1999.8,37996.2,11996.2,Completed,Credit Card,Retail Store,South,5
ORD-00363,C0494,P019,SR05,5/20/2023,NULL,NULL,2,2499,5%,249.9,4748.1,2348.1,Pending,Cash on Delivery,Affiliate,East,
ORD-00364,C0229,P003,SR01,10/19/2022,10/24/2022,10/25/2022,2,114900,20%,45960,183840,13840,Completed,Net Banking,Social Media,West,4
ORD-00365,C0022,P001,SR07,8/16/2023,NULL,NULL,2,79999,0%,0,159998,49998,Cancelled,Credit Card,Affiliate,North,
ORD-00366,C0140,P020,SR06,2/18/2024,2/25/2024,2/26/2024,5,3499,20%,3499,13996,4996,Completed,UPI,Website,West,2
ORD-00367,C0379,P018,SR02,9/8/2023,9/12/2023,9/12/2023,2,54999,20%,21999.6,87998.4,11998.4,Completed,UPI,Affiliate,North,2
ORD-00368,C0313,P017,SR08,12/3/2023,NULL,NULL,3,59900,15%,26955,152745,26745,Cancelled,UPI,Mobile App,South,
ORD-00369,C0340,P011,SR07,3/8/2023,3/13/2023,3/15/2023,1,9999,0%,0,9999,3499,Completed,EMI,Website,North,5
ORD-00370,C0244,P001,SR02,12/22/2022,12/27/2022,12/30/2022,4,79999,20%,63999.2,255996.8,35996.8,Completed,Credit Card,Website,North,5
ORD-00371,C0016,P022,SR04,9/10/2022,9/17/2022,9/20/2022,5,7499,10%,3749.5,33745.5,9745.5,Completed,Net Banking,Mobile App,Central,1
ORD-00372,C0064,P015,SR05,1/31/2023,2/1/2023,2/2/2023,1,64999,5%,3249.95,61749.05,16749.05,Completed,EMI,Retail Store,East,2
ORD-00373,C0047,P020,SR07,3/29/2023,4/2/2023,4/4/2023,1,3499,5%,174.95,3324.05,1524.05,Completed,Net Banking,Social Media,North,2
ORD-00374,C0004,P007,SR06,8/16/2022,8/21/2022,8/24/2022,2,26990,20%,10796,43184,7184,Completed,Debit Card,Social Media,West,5
ORD-00375,C0290,P006,SR02,9/20/2022,NULL,NULL,1,38999,0%,0,38999,11999,Cancelled,UPI,Social Media,North,
ORD-00376,C0439,P008,SR08,1/28/2023,NULL,NULL,1,6999,20%,1399.8,5599.2,1399.2,Cancelled,Cash on Delivery,Retail Store,South,
ORD-00377,C0349,P018,SR08,1/5/2022,1/11/2022,1/11/2022,3,54999,10%,16499.7,148497.3,34497.3,Completed,Net Banking,Retail Store,South,1
ORD-00378,C0349,P017,SR08,10/11/2024,10/16/2024,10/16/2024,2,59900,0%,0,119800,35800,Completed,UPI,Affiliate,South,5
ORD-00379,C0230,P011,SR01,3/13/2024,3/16/2024,3/16/2024,5,9999,0%,0,49995,17495,Completed,EMI,Mobile App,West,4
ORD-00380,C0491,P003,SR03,2/8/2023,2/11/2023,2/13/2023,1,114900,0%,0,114900,29900,Completed,Credit Card,Affiliate,South,4
ORD-00381,C0414,P001,SR05,5/28/2023,5/29/2023,6/1/2023,2,79999,10%,15999.8,143998.2,33998.2,Completed,Credit Card,Retail Store,East,5
ORD-00382,C0407,P008,SR03,6/17/2024,6/23/2024,6/26/2024,5,6999,0%,0,34995,13995,Completed,Credit Card,Website,South,1
ORD-00383,C0194,P011,SR02,9/19/2022,9/26/2022,9/29/2022,1,9999,5%,499.95,9499.05,2999.05,Completed,Cash on Delivery,Affiliate,North,1
ORD-00384,C0053,P022,SR05,4/17/2022,4/24/2022,4/27/2022,4,7499,0%,0,29996,10796,Completed,Cash on Delivery,Affiliate,East,2
ORD-00385,C0443,P020,SR04,7/17/2024,7/21/2024,7/24/2024,5,3499,0%,0,17495,8495,Completed,UPI,Website,Central,4
ORD-00386,C0265,P011,SR05,8/10/2022,8/11/2022,8/11/2022,5,9999,5%,2499.75,47495.25,14995.25,Completed,Cash on Delivery,Mobile App,East,5
ORD-00387,C0132,P012,SR08,9/12/2024,NULL,NULL,5,41900,15%,31425,178075,38075,Cancelled,Debit Card,Mobile App,South,
ORD-00388,C0071,P002,SR01,9/19/2022,9/24/2022,9/27/2022,5,69999,10%,34999.5,314995.5,74995.5,Completed,UPI,Social Media,West,5
ORD-00389,C0398,P005,SR02,8/19/2024,8/24/2024,8/26/2024,3,49990,10%,14997,134973,29973,Completed,Credit Card,Social Media,North,5
ORD-00390,C0337,P022,SR03,4/28/2022,5/3/2022,5/3/2022,4,7499,10%,2999.6,26996.4,7796.4,Completed,Debit Card,Mobile App,South,2
ORD-00391,C0403,P003,SR08,1/23/2023,NULL,NULL,4,114900,15%,68940,390660,50660,Cancelled,Cash on Delivery,Retail Store,South,
ORD-00392,C0437,P019,SR05,9/6/2023,9/9/2023,9/10/2023,1,2499,15%,374.85,2124.15,924.15,Completed,Credit Card,Affiliate,East,2
ORD-00393,C0472,P001,SR01,4/17/2023,4/22/2023,4/23/2023,2,79999,15%,23999.7,135998.3,25998.3,Completed,EMI,Retail Store,West,4
ORD-00394,C0106,P013,SR01,1/14/2022,1/15/2022,1/15/2022,3,19999,0%,0,59997,20997,Completed,Cash on Delivery,Website,West,2
ORD-00395,C0149,P015,SR01,1/8/2024,1/9/2024,1/10/2024,2,64999,5%,6499.9,123498.1,33498.1,Completed,Debit Card,Mobile App,West,3
ORD-00396,C0369,P006,SR07,5/19/2023,5/21/2023,5/21/2023,2,38999,5%,3899.9,74098.1,20098.1,Completed,Credit Card,Website,North,2
ORD-00397,C0195,P021,SR02,11/25/2023,11/28/2023,12/1/2023,2,8495,10%,1699,15291,4291,Completed,UPI,Mobile App,North,5
ORD-00398,C0410,P020,SR07,5/14/2022,5/16/2022,5/17/2022,2,3499,5%,349.9,6648.1,3048.1,Completed,Cash on Delivery,Affiliate,North,3
ORD-00399,C0163,P020,SR04,5/16/2023,5/23/2023,5/24/2023,5,3499,5%,874.75,16620.25,7620.25,Completed,Debit Card,Retail Store,Central,2
ORD-00400,C0028,P021,SR08,9/16/2022,NULL,NULL,5,8495,15%,6371.25,36103.75,8603.75,Pending,Debit Card,Website,South,
ORD-00401,C0402,P016,SR02,12/9/2022,NULL,NULL,4,29999,20%,23999.2,95996.8,15996.8,Pending,UPI,Affiliate,North,
ORD-00402,C0266,P015,SR04,10/22/2023,NULL,NULL,3,64999,20%,38999.4,155997.6,20997.6,Cancelled,EMI,Affiliate,Central,
ORD-00403,C0367,P016,SR05,7/4/2023,NULL,NULL,4,29999,0%,0,119996,39996,Pending,Debit Card,Mobile App,East,
ORD-00404,C0459,P007,SR06,4/26/2023,4/28/2023,4/30/2023,4,26990,10%,10796,97164,25164,Completed,Cash on Delivery,Mobile App,West,3
ORD-00405,C0131,P018,SR02,10/3/2022,10/6/2022,10/9/2022,5,54999,10%,27499.5,247495.5,57495.5,Completed,Debit Card,Social Media,North,1
ORD-00406,C0239,P017,SR07,5/22/2024,5/26/2024,5/29/2024,4,59900,10%,23960,215640,47640,Completed,Net Banking,Retail Store,North,3
ORD-00407,C0196,P001,SR05,6/23/2024,6/26/2024,6/26/2024,3,79999,0%,0,239997,74997,Completed,UPI,Social Media,East,5
ORD-00408,C0280,P021,SR02,7/21/2023,7/22/2023,7/22/2023,1,8495,10%,849.5,7645.5,2145.5,Completed,Credit Card,Social Media,North,2
ORD-00409,C0171,P007,SR06,5/28/2023,6/3/2023,6/5/2023,2,26990,0%,0,53980,17980,Completed,EMI,Social Media,West,3
ORD-00410,C0005,P025,SR05,8/1/2023,8/8/2023,8/11/2023,4,1599,0%,0,6396,3196,Completed,Net Banking,Social Media,East,2
ORD-00411,C0444,P013,SR01,4/10/2023,NULL,NULL,2,19999,15%,5999.7,33998.3,7998.3,Cancelled,Debit Card,Social Media,West,
ORD-00412,C0301,P018,SR07,8/2/2024,8/9/2024,8/9/2024,3,54999,5%,8249.85,156747.15,42747.15,Completed,Net Banking,Affiliate,North,2
ORD-00413,C0225,P015,SR03,2/7/2024,2/12/2024,2/13/2024,3,64999,0%,0,194997,59997,Completed,Net Banking,Retail Store,South,3
ORD-00414,C0116,P014,SR07,4/6/2024,NULL,NULL,5,24999,5%,6249.75,118745.25,33745.25,Cancelled,UPI,Social Media,North,
ORD-00415,C0012,P019,SR01,10/12/2022,10/15/2022,10/18/2022,4,2499,5%,499.8,9496.2,4696.2,Completed,Net Banking,Website,West,5
ORD-00416,C0198,P007,SR05,8/11/2022,8/16/2022,8/19/2022,3,26990,0%,0,80970,26970,Completed,Debit Card,Website,East,5
ORD-00417,C0091,P002,SR07,2/24/2022,2/26/2022,2/26/2022,4,69999,5%,13999.8,265996.2,73996.2,Completed,Debit Card,Mobile App,North,3
ORD-00418,C0338,P017,SR05,7/20/2024,7/23/2024,7/23/2024,2,59900,10%,11980,107820,23820,Completed,Net Banking,Affiliate,East,2
ORD-00419,C0057,P005,SR08,9/6/2024,NULL,NULL,1,49990,10%,4999,44991,9991,Cancelled,Debit Card,Mobile App,South,
ORD-00420,C0446,P007,SR06,6/4/2024,NULL,NULL,4,26990,0%,0,107960,35960,Cancelled,Cash on Delivery,Social Media,West,
ORD-00421,C0481,P010,SR04,10/26/2024,NULL,NULL,4,12999,5%,2599.8,49396.2,17396.2,Cancelled,Debit Card,Website,Central,
ORD-00422,C0074,P015,SR03,3/28/2024,NULL,NULL,2,64999,20%,25999.6,103998.4,13998.4,Pending,UPI,Social Media,South,
ORD-00423,C0451,P016,SR05,8/5/2024,NULL,NULL,1,29999,0%,0,29999,9999,Pending,UPI,Affiliate,East,
ORD-00424,C0178,P023,SR07,3/11/2024,NULL,NULL,2,5999,10%,1199.8,10798.2,3198.2,Pending,Debit Card,Mobile App,North,
ORD-00425,C0461,P020,SR05,7/26/2024,8/1/2024,8/2/2024,5,3499,0%,0,17495,8495,Completed,Net Banking,Website,East,2
ORD-00426,C0454,P006,SR08,8/21/2023,NULL,NULL,1,38999,5%,1949.95,37049.05,10049.05,Cancelled,Net Banking,Affiliate,South,
ORD-00427,C0391,P018,SR01,1/26/2024,2/2/2024,2/2/2024,5,54999,10%,27499.5,247495.5,57495.5,Completed,Net Banking,Affiliate,West,2
ORD-00428,C0130,P007,SR05,8/4/2024,8/5/2024,8/8/2024,4,26990,10%,10796,97164,25164,Completed,EMI,Affiliate,East,2
ORD-00429,C0204,P002,SR02,5/29/2023,6/4/2023,6/5/2023,3,69999,15%,31499.55,178497.45,34497.45,Completed,Net Banking,Affiliate,North,1
ORD-00430,C0043,P018,SR01,6/15/2024,6/19/2024,6/21/2024,2,54999,0%,0,109998,33998,Completed,Credit Card,Social Media,West,1
ORD-00431,C0091,P010,SR02,12/30/2024,NULL,NULL,4,12999,0%,0,51996,19996,Cancelled,Credit Card,Website,North,
ORD-00432,C0347,P009,SR02,6/21/2024,6/23/2024,6/24/2024,1,29900,20%,5980,23920,3920,Completed,Debit Card,Affiliate,North,1
ORD-00433,C0429,P021,SR01,3/10/2024,NULL,NULL,3,8495,15%,3822.75,21662.25,5162.25,Cancelled,Credit Card,Social Media,West,
ORD-00434,C0003,P002,SR06,2/18/2023,2/21/2023,2/22/2023,2,69999,0%,0,139998,43998,Completed,Credit Card,Affiliate,West,1
ORD-00435,C0008,P011,SR01,5/10/2022,5/11/2022,5/12/2022,2,9999,0%,0,19998,6998,Completed,Net Banking,Social Media,West,1
ORD-00436,C0418,P011,SR04,1/24/2023,NULL,NULL,2,9999,20%,3999.6,15998.4,2998.4,Pending,Net Banking,Affiliate,Central,
ORD-00437,C0062,P008,SR03,8/5/2022,8/8/2022,8/9/2022,1,6999,10%,699.9,6299.1,2099.1,Completed,EMI,Retail Store,South,1
ORD-00438,C0200,P007,SR07,3/27/2023,4/2/2023,4/4/2023,5,26990,10%,13495,121455,31455,Completed,Credit Card,Website,North,2
ORD-00439,C0211,P010,SR08,7/28/2022,NULL,NULL,5,12999,0%,0,64995,24995,Cancelled,UPI,Website,South,
ORD-00440,C0308,P011,SR07,9/30/2022,10/2/2022,10/4/2022,4,9999,0%,0,39996,13996,Completed,UPI,Website,North,5
ORD-00441,C0467,P019,SR06,2/23/2024,NULL,NULL,2,2499,20%,999.6,3998.4,1598.4,Pending,Cash on Delivery,Website,West,
ORD-00442,C0120,P001,SR04,9/25/2023,10/1/2023,10/4/2023,2,79999,0%,0,159998,49998,Completed,Credit Card,Mobile App,Central,3
ORD-00443,C0256,P010,SR03,11/7/2022,11/9/2022,11/9/2022,2,12999,15%,3899.7,22098.3,6098.3,Completed,EMI,Retail Store,South,2
ORD-00444,C0143,P011,SR03,12/2/2024,12/8/2024,12/10/2024,1,9999,5%,499.95,9499.05,2999.05,Completed,EMI,Retail Store,South,3
ORD-00445,C0125,P007,SR01,5/24/2023,NULL,NULL,2,26990,10%,5398,48582,12582,Cancelled,Cash on Delivery,Retail Store,West,
ORD-00446,C0094,P015,SR05,5/13/2022,5/14/2022,5/15/2022,1,64999,0%,0,64999,19999,Completed,Debit Card,Mobile App,East,1
ORD-00447,C0089,P019,SR02,4/29/2023,NULL,NULL,1,2499,10%,249.9,2249.1,1049.1,Pending,EMI,Affiliate,North,
ORD-00448,C0160,P006,SR04,5/17/2023,5/19/2023,5/20/2023,3,38999,5%,5849.85,111147.15,30147.15,Completed,Cash on Delivery,Affiliate,Central,2
ORD-00449,C0140,P016,SR01,1/7/2024,1/11/2024,1/12/2024,4,29999,15%,17999.4,101996.6,21996.6,Completed,Net Banking,Social Media,West,5
ORD-00450,C0377,P014,SR03,9/14/2024,9/21/2024,9/24/2024,4,24999,0%,0,99996,31996,Completed,UPI,Social Media,South,5
ORD-00451,C0079,P018,SR02,6/11/2023,6/15/2023,6/17/2023,4,54999,5%,10999.8,208996.2,56996.2,Completed,Net Banking,Social Media,North,5
ORD-00452,C0247,P003,SR07,10/7/2022,NULL,NULL,4,114900,5%,22980,436620,96620,Cancelled,Debit Card,Mobile App,North,
ORD-00453,C0003,P001,SR06,10/3/2024,10/7/2024,10/10/2024,3,79999,10%,23999.7,215997.3,50997.3,Completed,Net Banking,Retail Store,West,5
ORD-00454,C0037,P014,SR01,9/12/2022,9/17/2022,9/18/2022,2,24999,10%,4999.8,44998.2,10998.2,Completed,UPI,Retail Store,West,5
ORD-00455,C0364,P016,SR05,4/29/2022,NULL,NULL,4,29999,10%,11999.6,107996.4,27996.4,Cancelled,EMI,Mobile App,East,
ORD-00456,C0125,P016,SR01,1/11/2024,NULL,NULL,1,29999,0%,0,29999,9999,Cancelled,UPI,Social Media,West,
ORD-00457,C0234,P022,SR04,6/5/2023,6/10/2023,6/11/2023,1,7499,0%,0,7499,2699,Completed,Credit Card,Affiliate,Central,4
ORD-00458,C0362,P019,SR02,11/27/2024,12/1/2024,12/2/2024,4,2499,5%,499.8,9496.2,4696.2,Completed,EMI,Retail Store,North,5
ORD-00459,C0496,P018,SR07,9/23/2023,NULL,NULL,4,54999,0%,0,219996,67996,Cancelled,Credit Card,Social Media,North,
ORD-00460,C0398,P012,SR02,7/5/2023,NULL,NULL,2,41900,10%,8380,75420,19420,Cancelled,EMI,Retail Store,North,
ORD-00461,C0004,P006,SR06,1/4/2022,1/5/2022,1/8/2022,5,38999,10%,19499.5,175495.5,40495.5,Completed,EMI,Retail Store,West,4
ORD-00462,C0088,P006,SR06,1/17/2023,NULL,NULL,2,38999,5%,3899.9,74098.1,20098.1,Cancelled,Net Banking,Mobile App,West,
ORD-00463,C0258,P004,SR07,3/12/2023,3/14/2023,3/14/2023,2,55990,5%,5599,106381,26381,Completed,UPI,Affiliate,North,4
ORD-00464,C0321,P020,SR01,12/7/2022,12/10/2022,12/10/2022,4,3499,0%,0,13996,6796,Completed,UPI,Website,West,3
ORD-00465,C0016,P019,SR04,9/5/2024,9/11/2024,9/11/2024,1,2499,0%,0,2499,1299,Completed,UPI,Website,Central,5
ORD-00466,C0405,P002,SR03,3/9/2023,NULL,NULL,1,69999,10%,6999.9,62999.1,14999.1,Pending,Cash on Delivery,Social Media,South,
ORD-00467,C0493,P025,SR05,9/22/2024,9/29/2024,10/1/2024,5,1599,10%,799.5,7195.5,3195.5,Completed,UPI,Retail Store,East,3
ORD-00468,C0162,P008,SR07,3/27/2024,4/1/2024,4/1/2024,3,6999,10%,2099.7,18897.3,6297.3,Completed,Credit Card,Website,North,4
ORD-00469,C0446,P023,SR06,10/12/2022,10/17/2022,10/17/2022,5,5999,5%,1499.75,28495.25,9495.25,Completed,EMI,Mobile App,West,3
ORD-00470,C0232,P020,SR07,11/20/2024,11/26/2024,11/27/2024,1,3499,10%,349.9,3149.1,1349.1,Completed,Credit Card,Retail Store,North,1
ORD-00471,C0497,P024,SR06,6/28/2024,7/3/2024,7/6/2024,4,4999,0%,0,19996,8796,Completed,UPI,Affiliate,West,4
ORD-00472,C0338,P023,SR05,2/28/2024,3/4/2024,3/5/2024,2,5999,20%,2399.6,9598.4,1998.4,Completed,Cash on Delivery,Social Media,East,1
ORD-00473,C0066,P016,SR02,9/10/2023,NULL,NULL,5,29999,15%,22499.25,127495.75,27495.75,Cancelled,Debit Card,Affiliate,North,
ORD-00474,C0489,P004,SR05,5/9/2023,5/11/2023,5/12/2023,1,55990,0%,0,55990,15990,Completed,Net Banking,Website,East,2
ORD-00475,C0476,P011,SR08,7/29/2023,8/4/2023,8/6/2023,4,9999,0%,0,39996,13996,Completed,EMI,Mobile App,South,5
ORD-00476,C0325,P024,SR06,7/5/2022,NULL,NULL,3,4999,5%,749.85,14247.15,5847.15,Cancelled,Cash on Delivery,Social Media,West,
ORD-00477,C0034,P021,SR06,2/12/2024,NULL,NULL,4,8495,20%,6796,27184,5184,Cancelled,Net Banking,Mobile App,West,
ORD-00478,C0115,P009,SR01,8/19/2023,8/20/2023,8/20/2023,3,29900,5%,4485,85215,25215,Completed,EMI,Website,West,5
ORD-00479,C0189,P005,SR08,2/18/2024,NULL,NULL,1,49990,5%,2499.5,47490.5,12490.5,Pending,Credit Card,Social Media,South,
ORD-00480,C0275,P007,SR06,5/17/2024,5/24/2024,5/26/2024,2,26990,20%,10796,43184,7184,Completed,EMI,Social Media,West,5
ORD-00481,C0114,P004,SR04,1/19/2022,NULL,NULL,4,55990,10%,22396,201564,41564,Pending,Debit Card,Retail Store,Central,
ORD-00482,C0429,P008,SR06,7/22/2024,7/27/2024,7/29/2024,2,6999,0%,0,13998,5598,Completed,Cash on Delivery,Retail Store,West,3
ORD-00483,C0258,P023,SR02,7/15/2023,NULL,NULL,5,5999,15%,4499.25,25495.75,6495.75,Cancelled,EMI,Mobile App,North,
ORD-00484,C0254,P010,SR08,5/1/2022,5/3/2022,5/4/2022,2,12999,0%,0,25998,9998,Completed,Debit Card,Affiliate,South,4
ORD-00485,C0154,P022,SR01,2/14/2022,NULL,NULL,4,7499,10%,2999.6,26996.4,7796.4,Pending,Net Banking,Affiliate,West,
ORD-00486,C0179,P025,SR07,3/11/2024,3/16/2024,3/18/2024,3,1599,5%,239.85,4557.15,2157.15,Completed,EMI,Social Media,North,4
ORD-00487,C0050,P005,SR06,4/21/2022,NULL,NULL,3,49990,15%,22495.5,127474.5,22474.5,Cancelled,EMI,Mobile App,West,
ORD-00488,C0296,P005,SR06,9/15/2024,9/17/2024,9/18/2024,2,49990,5%,4999,94981,24981,Completed,EMI,Website,West,3
ORD-00489,C0372,P019,SR03,10/30/2022,11/3/2022,11/4/2022,1,2499,0%,0,2499,1299,Completed,UPI,Affiliate,South,2
ORD-00490,C0484,P002,SR02,11/21/2024,NULL,NULL,3,69999,10%,20999.7,188997.3,44997.3,Cancelled,Debit Card,Affiliate,North,
ORD-00491,C0126,P002,SR02,5/9/2023,5/13/2023,5/15/2023,5,69999,0%,0,349995,109995,Completed,EMI,Affiliate,North,1
ORD-00492,C0399,P015,SR07,7/18/2023,NULL,NULL,4,64999,10%,25999.6,233996.4,53996.4,Cancelled,Credit Card,Website,North,
ORD-00493,C0060,P003,SR03,9/28/2024,NULL,NULL,5,114900,5%,28725,545775,120775,Cancelled,Credit Card,Social Media,South,
ORD-00494,C0294,P019,SR04,7/15/2023,NULL,NULL,1,2499,0%,0,2499,1299,Cancelled,Net Banking,Affiliate,Central,
ORD-00495,C0331,P023,SR06,9/4/2023,NULL,NULL,2,5999,0%,0,11998,4398,Pending,UPI,Website,West,
ORD-00496,C0366,P018,SR01,4/10/2024,NULL,NULL,1,54999,10%,5499.9,49499.1,11499.1,Cancelled,Cash on Delivery,Social Media,West,
ORD-00497,C0402,P017,SR07,5/11/2022,NULL,NULL,5,59900,20%,59900,239600,29600,Pending,EMI,Website,North,
ORD-00498,C0386,P025,SR01,8/29/2022,9/5/2022,9/6/2022,1,1599,20%,319.8,1279.2,479.2,Completed,Net Banking,Retail Store,West,1
ORD-00499,C0021,P005,SR03,11/27/2022,12/2/2022,12/4/2022,1,49990,0%,0,49990,14990,Completed,Credit Card,Social Media,South,3
ORD-00500,C0187,P018,SR02,5/16/2024,NULL,NULL,1,54999,5%,2749.95,52249.05,14249.05,Cancelled,UPI,Website,North,
