ProductID,ProductName,Brand,Category,SubCategory,UnitPrice,CostPrice,GrossMargin,StockQty,Rating,TotalReviews,Warranty,IsActive,LaunchDate
P0001,SanDisk A95512GB,SanDisk,Electronics,Smartphones,44050,13020,70.4%,228,3.1,839,1 Year,Yes,2019-05-11
P0002,Samsung S30256GB,Samsung,Electronics,Laptops,91240,57450,37.0%,27,4.0,4464,6 Months,Yes,2022-02-13
P0003,Apple Plus44,Apple,Electronics,Tablets,48420,18190,62.4%,220,4.9,2757,1 Year,Yes,2020-02-01
P0004,Garmin Neo34Black,Garmin,Electronics,Headphones,3350,2180,34.9%,549,3.1,3100,1 Year,Yes,2023-01-21
P0005,Gigabyte X64GB,Gigabyte,Electronics,Earbuds,7770,6510,16.2%,296,5.0,1907,1 Year,Yes,2024-02-01
P0006,SanDisk M48Black,SanDisk,Electronics,Speakers,12340,3830,69.0%,686,3.4,584,2 Years,Yes,2021-09-29
P0007,Bose Plus35Gold,Bose,Electronics,Smartwatches,42940,14990,65.1%,701,3.5,458,2 Years,Yes,2022-07-16
P0008,Motorola X2816GB,Motorola,Electronics,Fitness Bands,5640,3180,43.6%,217,4.2,3241,6 Months,Yes,2020-07-25
P0009,WD Max34Green,WD,Electronics,Monitors,55960,33080,40.9%,597,3.7,1796,2 Years,Yes,2020-01-08
P0010,TCL X20128GB,TCL,Accessories,Keyboards,10580,1490,85.9%,696,3.7,520,6 Months,Yes,2024-04-01
P0011,HyperX Max216GB,HyperX,Accessories,Mice,5870,1120,80.9%,698,4.7,2185,3 Years,Yes,2023-11-16
P0012,Bose A93Gold,Bose,Accessories,Webcams,6890,2760,59.9%,512,4.5,4158,1 Year,Yes,2022-05-07
P0013,SanDisk Neo26Red,SanDisk,Accessories,Power Banks,1950,1160,40.5%,780,3.2,4344,1 Year,Yes,2024-06-24
P0014,Samsung Lite40512GB,Samsung,Accessories,USB Hubs,1480,360,75.7%,246,4.7,645,1 Year,Yes,2019-10-11
P0015,TCL M17Green,TCL,Accessories,Cables,1450,550,62.1%,562,3.2,4322,6 Months,No,2021-04-03
P0016,iBall Plus8632GB,iBall,Accessories,Chargers,2960,940,68.2%,448,4.8,3698,1 Year,Yes,2019-09-20
P0017,Fitbit Neo7164GB,Fitbit,Storage,SSDs,5270,3310,37.2%,225,2.8,482,2 Years,Yes,2019-05-09
P0018,Fitbit Max31256GB,Fitbit,Storage,HDDs,4780,3490,27.0%,219,4.0,4677,6 Months,Yes,2024-04-21
P0019,Google X134GB,Google,Storage,Pen Drives,3000,1060,64.7%,362,3.7,3825,1 Year,Yes,2020-02-08
P0020,Dell Lite14White,Dell,Networking,Routers,5070,1380,72.8%,194,4.0,1148,6 Months,Yes,2024-03-09
P0021,WD Ultra71256GB,WD,Electronics,Printers,8210,3710,54.8%,667,5.0,120,1 Year,No,2021-08-26
P0022,Bose Ultra62Silver,Bose,Electronics,Cameras,36020,18640,48.3%,60,3.2,17,6 Months,Yes,2024-02-07
P0023,Acer Max85Silver,Acer,Electronics,Smart TVs,106160,71790,32.4%,158,3.2,1783,1 Year,Yes,2019-09-07
P0024,Lava A7,Lava,Accessories,Gaming Gear,10070,8110,19.5%,514,4.8,4350,2 Years,Yes,2024-09-11
P0025,Lenovo X77,Lenovo,Accessories,Microphones,2110,1080,48.8%,413,3.1,4666,2 Years,Yes,2019-06-12
P0026,Kingston Plus85256GB,Kingston,Electronics,Smartphones,84500,42040,50.2%,535,3.5,2136,2 Years,Yes,2022-07-10
P0027,WD Plus1716GB,WD,Electronics,Laptops,113040,57320,49.3%,468,3.5,594,1 Year,Yes,2020-02-14
P0028,HP S65Green,HP,Electronics,Tablets,46760,12340,73.6%,357,4.7,2001,3 Years,Yes,2023-11-30
P0029,Razer Neo8432GB,Razer,Electronics,Headphones,1010,610,39.6%,679,3.0,1100,3 Years,Yes,2020-03-14
P0030,Lava M35Green,Lava,Electronics,Earbuds,9530,5130,46.2%,215,4.4,1667,3 Years,Yes,2021-10-25
P0031,Dell Plus36256GB,Dell,Electronics,Speakers,2140,410,80.8%,341,4.5,2145,2 Years,Yes,2023-10-18
P0032,MSI X1064GB,MSI,Electronics,Smartwatches,46280,10370,77.6%,558,2.9,3024,2 Years,Yes,2019-06-21
P0033,Noise A46Black,Noise,Electronics,Fitness Bands,2720,2000,26.5%,255,4.3,2897,6 Months,No,2020-09-25
P0034,WD M53,WD,Electronics,Monitors,8620,5730,33.5%,754,4.8,3372,2 Years,Yes,2020-03-18
P0035,LG Ultra29128GB,LG,Accessories,Keyboards,3570,2060,42.3%,358,3.5,1864,2 Years,Yes,2021-03-02
P0036,Motorola Pro9,Motorola,Accessories,Mice,6630,2470,62.7%,359,4.2,3274,3 Years,No,2020-04-17
P0037,Seagate Neo34,Seagate,Accessories,Webcams,1310,710,45.8%,610,3.8,2569,6 Months,Yes,2024-09-25
P0038,Realme Neo25White,Realme,Accessories,Power Banks,2780,490,82.4%,725,3.8,4259,2 Years,Yes,2019-10-14
P0039,Zebronics Neo41,Zebronics,Accessories,USB Hubs,3220,810,74.8%,737,4.8,4154,3 Years,Yes,2022-08-29
P0040,Motorola Max1732GB,Motorola,Accessories,Cables,490,280,42.9%,680,4.9,1425,3 Years,Yes,2019-01-02
P0041,Noise S5632GB,Noise,Accessories,Chargers,2670,1420,46.8%,670,3.5,3619,6 Months,Yes,2024-09-24
P0042,Nothing X37,Nothing,Storage,SSDs,9940,6340,36.2%,648,4.2,765,2 Years,Yes,2021-07-09
P0043,Anker A61TB,Anker,Storage,HDDs,4500,3450,23.3%,625,4.7,596,6 Months,Yes,2021-03-07
P0044,iBall Ultra52White,iBall,Storage,Pen Drives,1300,330,74.6%,671,4.3,873,6 Months,Yes,2024-10-22
P0045,iQOO Max32128GB,iQOO,Networking,Routers,2990,1530,48.8%,136,4.6,4351,3 Years,No,2023-12-18
P0046,Kingston Plus71Red,Kingston,Electronics,Printers,19610,6110,68.8%,761,4.7,3686,3 Years,Yes,2022-02-09
P0047,Itel Ultra81Red,Itel,Electronics,Cameras,39360,14500,63.2%,450,3.0,2340,2 Years,Yes,2022-08-02
P0048,Razer M20256GB,Razer,Electronics,Smart TVs,42310,20550,51.4%,710,3.1,1752,1 Year,Yes,2022-09-17
P0049,Razer Plus8Gold,Razer,Accessories,Gaming Gear,3890,2020,48.1%,398,4.8,4784,1 Year,Yes,2023-04-08
P0050,Nothing Lite3964GB,Nothing,Accessories,Microphones,7390,4030,45.5%,551,4.4,4473,2 Years,Yes,2022-01-22
P0051,Oppo A50Blue,Oppo,Electronics,Smartphones,52060,31500,39.5%,741,3.2,3828,2 Years,No,2024-12-27
P0052,Samsung Neo73White,Samsung,Electronics,Laptops,111900,21550,80.7%,85,4.2,1111,6 Months,Yes,2021-12-01
P0053,LG S59,LG,Electronics,Tablets,54840,30120,45.1%,779,4.7,2279,6 Months,Yes,2019-12-02
P0054,Nothing Max764GB,Nothing,Electronics,Headphones,23430,7650,67.3%,665,3.0,329,1 Year,No,2021-03-27
P0055,Samsung M31Midnight,Samsung,Electronics,Earbuds,4440,2120,52.3%,685,3.1,1785,6 Months,Yes,2023-02-19
P0056,Bose Neo96Midnight,Bose,Electronics,Speakers,24240,2280,90.6%,796,4.6,2548,1 Year,Yes,2022-07-01
P0057,Gigabyte Plus51,Gigabyte,Electronics,Smartwatches,47860,13600,71.6%,77,4.1,1989,1 Year,Yes,2022-05-20
P0058,Portronics X73Midnight,Portronics,Electronics,Fitness Bands,7410,940,87.3%,355,4.0,3035,1 Year,Yes,2022-10-29
P0059,Apple Ultra14Silver,Apple,Electronics,Monitors,35410,16870,52.4%,650,4.8,3766,2 Years,Yes,2024-11-07
P0060,Transcend Neo6916GB,Transcend,Accessories,Keyboards,8220,3990,51.5%,446,4.6,4853,3 Years,Yes,2021-10-02
P0061,Lenovo Ultra3216GB,Lenovo,Accessories,Mice,6450,3990,38.1%,583,4.1,3104,3 Years,Yes,2022-08-24
P0062,Logitech S46Blue,Logitech,Accessories,Webcams,7530,2720,63.9%,348,3.4,4883,3 Years,Yes,2024-10-17
P0063,Anker S93256GB,Anker,Accessories,Power Banks,4030,2400,40.4%,568,4.5,3900,6 Months,Yes,2019-03-12
P0064,Lenovo S5232GB,Lenovo,Accessories,USB Hubs,3330,1300,61.0%,313,4.3,3023,6 Months,Yes,2022-11-09
P0065,Oppo Lite46Green,Oppo,Accessories,Cables,1030,340,67.0%,313,3.4,988,2 Years,Yes,2021-01-28
P0066,Anker Ultra364GB,Anker,Accessories,Chargers,2710,1740,35.8%,537,4.1,823,2 Years,Yes,2023-01-18
P0067,Logitech A9132GB,Logitech,Storage,SSDs,10250,1940,81.1%,280,2.9,446,3 Years,Yes,2020-06-01
P0068,SanDisk X2Blue,SanDisk,Storage,HDDs,7200,2660,63.1%,480,3.9,2791,2 Years,No,2021-10-31
P0069,Nothing X52512GB,Nothing,Storage,Pen Drives,2310,330,85.7%,590,4.2,439,2 Years,Yes,2022-05-29
P0070,Lenovo X728GB,Lenovo,Networking,Routers,7820,5570,28.8%,610,4.5,1848,6 Months,Yes,2023-12-19
P0071,Noise Plus40Space Gray,Noise,Electronics,Printers,23630,5470,76.9%,624,4.9,812,2 Years,Yes,2021-12-19
P0072,Zebronics M31256GB,Zebronics,Electronics,Cameras,30780,23590,23.4%,76,3.1,3346,6 Months,Yes,2024-04-08
P0073,Acer S37128GB,Acer,Electronics,Smart TVs,104660,45060,56.9%,719,4.7,583,2 Years,No,2021-03-21
P0074,Oppo Max29512GB,Oppo,Accessories,Gaming Gear,11110,2740,75.3%,272,4.6,584,1 Year,Yes,2022-06-13
P0075,Crucial Pro57Space Gray,Crucial,Accessories,Microphones,3040,1560,48.7%,705,3.5,3297,3 Years,Yes,2024-07-15
P0076,Vivo Neo6256GB,Vivo,Electronics,Smartphones,64630,53140,17.8%,330,4.1,211,1 Year,Yes,2019-03-26
P0077,TCL Pro74,TCL,Electronics,Laptops,30270,24250,19.9%,774,3.2,4251,6 Months,No,2021-01-13
P0078,Corsair Ultra12Silver,Corsair,Electronics,Tablets,73600,30800,58.2%,418,3.5,856,2 Years,Yes,2024-07-22
P0079,Acer Plus98,Acer,Electronics,Headphones,2900,2160,25.5%,90,3.5,2648,1 Year,No,2023-07-14
P0080,Sennheiser Max6064GB,Sennheiser,Electronics,Earbuds,13840,1070,92.3%,192,3.9,4083,6 Months,Yes,2021-04-13
P0081,Asus M37Green,Asus,Electronics,Speakers,15060,11840,21.4%,496,3.1,4987,2 Years,Yes,2022-06-26
P0082,MSI Max5364GB,MSI,Electronics,Smartwatches,7110,2440,65.7%,116,3.8,962,2 Years,Yes,2022-04-10
P0083,Sennheiser Plus6216GB,Sennheiser,Electronics,Fitness Bands,4870,1600,67.1%,467,4.0,3142,2 Years,No,2024-09-12
P0084,Lava X361TB,Lava,Electronics,Monitors,57640,32190,44.2%,348,4.9,4159,3 Years,Yes,2022-03-04
P0085,Micromax Neo7532GB,Micromax,Accessories,Keyboards,11110,4190,62.3%,152,3.8,3967,3 Years,Yes,2023-03-26
P0086,iQOO S90,iQOO,Accessories,Mice,2260,1350,40.3%,392,3.3,3365,1 Year,Yes,2024-04-21
P0087,iBall Plus85White,iBall,Accessories,Webcams,7490,1850,75.3%,507,4.9,1034,3 Years,Yes,2023-12-09
P0088,OnePlus Ultra2Red,OnePlus,Accessories,Power Banks,1880,1240,34.0%,670,4.9,612,6 Months,Yes,2021-12-21
P0089,Fitbit Plus84Midnight,Fitbit,Accessories,USB Hubs,830,470,43.4%,690,4.7,3113,3 Years,Yes,2024-06-21
P0090,Razer Neo9128GB,Razer,Accessories,Cables,580,380,34.5%,700,4.8,1863,1 Year,Yes,2020-02-08
P0091,TCL X57Starlight,TCL,Accessories,Chargers,980,490,50.0%,29,2.9,459,3 Years,Yes,2023-10-31
P0092,JBL Max538GB,JBL,Storage,SSDs,10770,3850,64.3%,174,3.2,4992,6 Months,Yes,2021-09-13
P0093,Marshall M30Space Gray,Marshall,Storage,HDDs,6280,4110,34.6%,260,3.8,76,6 Months,No,2020-10-09
P0094,HP Lite76Gold,HP,Storage,Pen Drives,1520,1050,30.9%,706,3.4,2474,2 Years,No,2024-06-02
P0095,OnePlus Plus748GB,OnePlus,Networking,Routers,6880,5310,22.8%,302,5.0,2418,1 Year,No,2023-06-10
P0096,Asus Neo8864GB,Asus,Electronics,Printers,30500,5110,83.2%,620,4.4,2344,2 Years,Yes,2022-12-14
P0097,TP-Link S80Starlight,TP-Link,Electronics,Cameras,40850,27710,32.2%,773,4.4,1120,1 Year,No,2019-06-11
P0098,Noise A75Gold,Noise,Electronics,Smart TVs,59820,16610,72.2%,92,4.8,2676,6 Months,Yes,2020-06-25
P0099,Razer Max65Black,Razer,Accessories,Gaming Gear,4960,3700,25.4%,168,3.4,3947,3 Years,Yes,2022-10-19
P0100,Realme X19Gold,Realme,Accessories,Microphones,4700,3370,28.3%,741,4.3,3255,3 Years,Yes,2023-06-05
P0101,Apple Max1616GB,Apple,Electronics,Smartphones,67610,29160,56.9%,688,4.4,2147,6 Months,Yes,2023-03-02
P0102,OnePlus S61,OnePlus,Electronics,Laptops,28280,23080,18.4%,574,3.5,4997,2 Years,Yes,2024-03-16
P0103,Intex Plus1532GB,Intex,Electronics,Tablets,30320,9480,68.7%,38,3.5,4035,1 Year,Yes,2020-07-09
P0104,LG Lite86Gold,LG,Electronics,Headphones,27970,19540,30.1%,760,4.4,3398,1 Year,Yes,2023-07-30
P0105,Asus Lite28128GB,Asus,Electronics,Earbuds,14830,7460,49.7%,241,4.7,813,3 Years,Yes,2023-01-09
P0106,Dell Pro25White,Dell,Electronics,Speakers,4700,3870,17.7%,465,3.0,1737,1 Year,Yes,2022-09-28
P0107,WD Neo271TB,WD,Electronics,Smartwatches,5500,4000,27.3%,783,4.0,4803,2 Years,Yes,2021-08-12
P0108,Fitbit Neo11TB,Fitbit,Electronics,Fitness Bands,3270,1190,63.6%,133,4.0,1429,1 Year,Yes,2019-04-16
P0109,MI Lite3164GB,MI,Electronics,Monitors,45590,26220,42.5%,16,3.2,429,2 Years,Yes,2024-11-24
P0110,Realme Ultra58256GB,Realme,Accessories,Keyboards,6230,4380,29.7%,607,3.0,4127,2 Years,No,2019-06-27
P0111,Micromax Max39,Micromax,Accessories,Mice,4050,2820,30.4%,31,2.9,3923,6 Months,Yes,2020-03-18
P0112,Marshall X11Gold,Marshall,Accessories,Webcams,3640,3090,15.1%,151,2.9,2252,3 Years,Yes,2024-12-13
P0113,Acer Max78Gold,Acer,Accessories,Power Banks,4220,810,80.8%,718,3.1,4516,2 Years,Yes,2021-07-24
P0114,Google Ultra52,Google,Accessories,USB Hubs,2200,1790,18.6%,97,3.5,2560,3 Years,Yes,2020-09-17
P0115,Portronics X12Blue,Portronics,Accessories,Cables,270,80,70.4%,442,3.0,3052,2 Years,Yes,2022-09-12
P0116,Zebronics Plus46512GB,Zebronics,Accessories,Chargers,2030,1660,18.2%,52,4.9,4918,3 Years,Yes,2024-09-09
P0117,Belkin Ultra291TB,Belkin,Storage,SSDs,3270,1620,50.5%,569,3.6,2282,2 Years,Yes,2019-04-18
P0118,Crucial Pro4,Crucial,Storage,HDDs,3980,2060,48.2%,719,4.5,2783,3 Years,Yes,2020-08-09
P0119,Gigabyte Plus9,Gigabyte,Storage,Pen Drives,880,210,76.1%,93,4.4,1762,6 Months,Yes,2022-10-28
P0120,Bose Pro93Black,Bose,Networking,Routers,6310,5250,16.8%,610,3.0,430,2 Years,Yes,2019-07-23
P0121,Portronics Pro57256GB,Portronics,Electronics,Printers,26690,17390,34.8%,497,4.1,3392,3 Years,Yes,2024-09-29
P0122,Realme Plus15Black,Realme,Electronics,Cameras,45120,37390,17.1%,539,4.3,372,2 Years,Yes,2019-08-13
P0123,Apple Pro284GB,Apple,Electronics,Smart TVs,112580,25990,76.9%,782,3.4,2687,1 Year,Yes,2023-10-30
P0124,Logitech Plus691TB,Logitech,Accessories,Gaming Gear,12030,4070,66.2%,512,4.0,2901,1 Year,Yes,2019-06-23
P0125,Oppo Ultra1064GB,Oppo,Accessories,Microphones,6130,4120,32.8%,587,3.7,3421,3 Years,Yes,2019-03-27
P0126,boAt Neo59,boAt,Electronics,Smartphones,55430,10780,80.6%,447,4.7,1993,6 Months,Yes,2024-11-16
P0127,Lenovo Pro96White,Lenovo,Electronics,Laptops,69500,32520,53.2%,341,4.5,625,1 Year,Yes,2021-03-05
P0128,Itel Lite94Black,Itel,Electronics,Tablets,31360,15740,49.8%,105,3.1,1616,2 Years,Yes,2019-11-05
P0129,Logitech Ultra60Starlight,Logitech,Electronics,Headphones,29920,18800,37.2%,658,4.2,2647,3 Years,Yes,2019-10-07
P0130,Nothing Pro36Gold,Nothing,Electronics,Earbuds,19680,1100,94.4%,360,3.9,2542,6 Months,Yes,2019-08-22
P0131,Philips X8332GB,Philips,Electronics,Speakers,3660,2920,20.2%,608,3.9,3790,1 Year,Yes,2021-02-10
P0132,boAt Ultra65Midnight,boAt,Electronics,Smartwatches,10880,1610,85.2%,461,3.0,2813,1 Year,Yes,2020-12-07
P0133,Sony Ultra578GB,Sony,Electronics,Fitness Bands,5290,2740,48.2%,624,3.1,3054,3 Years,Yes,2022-10-17
P0134,Portronics A81Midnight,Portronics,Electronics,Monitors,49420,26930,45.5%,67,3.5,4570,6 Months,Yes,2020-09-07
P0135,Fitbit Neo85256GB,Fitbit,Accessories,Keyboards,2620,1610,38.5%,317,4.9,3210,2 Years,Yes,2019-12-14
P0136,Noise Plus83Green,Noise,Accessories,Mice,6780,2870,57.7%,130,4.3,4312,1 Year,Yes,2023-10-01
P0137,Sennheiser A47Black,Sennheiser,Accessories,Webcams,3530,1340,62.0%,219,3.6,3983,2 Years,Yes,2020-07-17
P0138,JBL Pro13256GB,JBL,Accessories,Power Banks,4860,2610,46.3%,756,4.7,309,3 Years,Yes,2020-06-20
P0139,Crucial M21White,Crucial,Accessories,USB Hubs,1240,1010,18.5%,789,4.2,1356,6 Months,Yes,2023-02-01
P0140,Portronics Ultra798GB,Portronics,Accessories,Cables,680,520,23.5%,239,4.0,2535,6 Months,No,2021-03-05
P0141,Philips Neo57,Philips,Accessories,Chargers,2190,1760,19.6%,288,4.5,4119,6 Months,No,2021-03-28
P0142,Crucial Pro71TB,Crucial,Storage,SSDs,12000,8770,26.9%,380,4.0,840,1 Year,Yes,2020-10-18
P0143,Asus Max19Gold,Asus,Storage,HDDs,6080,1880,69.1%,227,4.6,2863,1 Year,Yes,2023-06-12
P0144,Sennheiser S50Black,Sennheiser,Storage,Pen Drives,630,370,41.3%,229,2.9,811,3 Years,Yes,2020-07-17
P0145,Sony Ultra9032GB,Sony,Networking,Routers,3270,2520,22.9%,459,4.2,649,1 Year,Yes,2020-09-04
P0146,MSI Max55Midnight,MSI,Electronics,Printers,8640,6680,22.7%,295,3.3,998,1 Year,Yes,2024-02-16
P0147,HP Ultra77512GB,HP,Electronics,Cameras,78260,6580,91.6%,647,3.9,1981,2 Years,Yes,2019-01-07
P0148,Kingston S74Black,Kingston,Electronics,Smart TVs,66600,20280,69.5%,680,4.3,4288,3 Years,Yes,2024-11-24
P0149,Razer Max71Red,Razer,Accessories,Gaming Gear,830,500,39.8%,481,2.9,3169,3 Years,Yes,2019-03-08
P0150,Garmin Lite31256GB,Garmin,Accessories,Microphones,11760,5750,51.1%,106,4.5,2723,2 Years,Yes,2022-10-18
P0151,Transcend Ultra90,Transcend,Electronics,Smartphones,70720,46400,34.4%,186,4.6,516,6 Months,Yes,2021-04-05
P0152,Sony A414GB,Sony,Electronics,Laptops,147340,58640,60.2%,527,3.7,4448,6 Months,Yes,2021-02-21
P0153,Acer A84Black,Acer,Electronics,Tablets,55510,25900,53.3%,127,4.6,3579,6 Months,Yes,2023-05-03
P0154,Fitbit Ultra89,Fitbit,Electronics,Headphones,33100,12340,62.7%,531,3.4,676,6 Months,Yes,2021-01-09
P0155,Razer Lite1432GB,Razer,Electronics,Earbuds,2920,1520,47.9%,676,3.5,3652,6 Months,Yes,2023-12-24
P0156,Garmin A94Gold,Garmin,Electronics,Speakers,12250,7530,38.5%,281,4.2,469,1 Year,Yes,2023-07-22
P0157,Philips M4Red,Philips,Electronics,Smartwatches,10360,7780,24.9%,35,3.1,1933,3 Years,Yes,2019-05-13
P0158,Crucial Ultra481TB,Crucial,Electronics,Fitness Bands,4050,2420,40.2%,781,3.0,1127,3 Years,Yes,2022-02-15
P0159,WD A95512GB,WD,Electronics,Monitors,19190,13180,31.3%,530,3.7,4601,1 Year,Yes,2021-12-02
P0160,iBall S79Gold,iBall,Accessories,Keyboards,4980,3020,39.4%,502,3.2,1111,1 Year,Yes,2023-12-29
P0161,Lenovo Lite86,Lenovo,Accessories,Mice,3140,440,86.0%,563,4.0,2457,2 Years,Yes,2020-12-14
P0162,Philips S16Red,Philips,Accessories,Webcams,2640,2220,15.9%,142,3.3,4047,1 Year,Yes,2023-02-20
P0163,iQOO M79Green,iQOO,Accessories,Power Banks,1400,470,66.4%,316,3.7,3921,6 Months,Yes,2019-10-30
P0164,MI X58,MI,Accessories,USB Hubs,2410,1690,29.9%,529,3.6,4516,2 Years,Yes,2020-06-12
P0165,Oppo A16Red,Oppo,Accessories,Cables,1160,220,81.0%,311,3.2,2643,2 Years,Yes,2024-10-26
P0166,Acer Pro26256GB,Acer,Accessories,Chargers,2900,1310,54.8%,281,3.1,2480,1 Year,Yes,2020-11-21
P0167,Corsair M22Space Gray,Corsair,Storage,SSDs,12290,6430,47.7%,577,2.9,232,1 Year,Yes,2021-12-20
P0168,Transcend Neo544GB,Transcend,Storage,HDDs,7560,4120,45.5%,31,3.9,4469,3 Years,Yes,2022-05-22
P0169,Nothing Plus398GB,Nothing,Storage,Pen Drives,2160,330,84.7%,705,2.9,3601,6 Months,Yes,2021-04-15
P0170,Fitbit M41Midnight,Fitbit,Networking,Routers,6230,3430,44.9%,408,3.1,3035,1 Year,Yes,2024-03-25
P0171,Realme Ultra3216GB,Realme,Electronics,Printers,9620,4290,55.4%,51,3.4,3146,6 Months,Yes,2020-10-16
P0172,boAt Lite25Space Gray,boAt,Electronics,Cameras,28880,21830,24.4%,527,3.8,2527,6 Months,Yes,2023-05-30
P0173,Sennheiser S28Gold,Sennheiser,Electronics,Smart TVs,88460,54250,38.7%,49,2.9,4054,6 Months,Yes,2019-02-03
P0174,OnePlus M34Silver,OnePlus,Accessories,Gaming Gear,12420,6290,49.4%,782,3.7,370,6 Months,Yes,2021-03-08
P0175,Philips Pro10Green,Philips,Accessories,Microphones,7330,4730,35.5%,461,4.5,2291,1 Year,Yes,2020-02-01
P0176,Motorola Lite72Black,Motorola,Electronics,Smartphones,55920,14450,74.2%,203,4.1,3288,1 Year,Yes,2020-07-15
P0177,iBall Ultra67,iBall,Electronics,Laptops,84900,27760,67.3%,620,4.8,1145,3 Years,No,2022-07-28
P0178,Bose Neo95White,Bose,Electronics,Tablets,51220,30040,41.4%,519,4.6,4360,6 Months,Yes,2022-05-12
P0179,Nothing Lite4364GB,Nothing,Electronics,Headphones,7680,3710,51.7%,597,3.5,218,6 Months,Yes,2021-07-21
P0180,Micromax Neo62128GB,Micromax,Electronics,Earbuds,5890,4470,24.1%,644,4.4,3114,2 Years,Yes,2021-09-19
P0181,Sony X25Space Gray,Sony,Electronics,Speakers,1320,850,35.6%,321,3.7,3382,2 Years,Yes,2024-04-15
P0182,Lava M67128GB,Lava,Electronics,Smartwatches,14590,9790,32.9%,332,5.0,3918,6 Months,Yes,2020-12-10
P0183,iQOO Lite70Green,iQOO,Electronics,Fitness Bands,3900,3230,17.2%,709,3.4,3966,2 Years,No,2022-02-16
P0184,MSI S3932GB,MSI,Electronics,Monitors,57540,23940,58.4%,721,3.3,4005,3 Years,Yes,2022-01-25
P0185,Acer Neo87512GB,Acer,Accessories,Keyboards,9200,3290,64.2%,404,4.6,1199,3 Years,Yes,2019-11-20
P0186,Garmin Pro96Gold,Garmin,Accessories,Mice,4220,1060,74.9%,206,4.6,2221,3 Years,Yes,2021-09-07
P0187,WD Max29128GB,WD,Accessories,Webcams,6220,2510,59.6%,53,3.0,2705,6 Months,Yes,2020-07-17
P0188,Apple M53Green,Apple,Accessories,Power Banks,4600,2360,48.7%,666,3.2,2353,3 Years,Yes,2019-08-31
P0189,Itel Neo30256GB,Itel,Accessories,USB Hubs,2690,1810,32.7%,740,4.7,305,2 Years,Yes,2020-12-21
P0190,Sony Ultra24White,Sony,Accessories,Cables,690,100,85.5%,9,3.5,4937,1 Year,No,2022-10-04
P0191,Acer Max68Gold,Acer,Accessories,Chargers,2320,450,80.6%,516,3.8,1579,1 Year,Yes,2024-02-23
P0192,Transcend M216GB,Transcend,Storage,SSDs,13570,6420,52.7%,302,4.0,1582,2 Years,Yes,2023-07-19
P0193,Oppo Lite12Red,Oppo,Storage,HDDs,5780,4240,26.6%,97,3.2,1151,6 Months,Yes,2021-10-13
P0194,Apple Plus3116GB,Apple,Storage,Pen Drives,2130,1720,19.2%,273,4.9,2473,1 Year,Yes,2023-01-12
P0195,Intex A868GB,Intex,Networking,Routers,2940,1550,47.3%,314,3.2,4116,3 Years,Yes,2022-04-23
P0196,Philips S29Midnight,Philips,Electronics,Printers,9380,7420,20.9%,156,3.8,4962,3 Years,Yes,2024-04-12
P0197,TCL S98Green,TCL,Electronics,Cameras,40440,27790,31.3%,772,4.1,670,6 Months,Yes,2023-01-21
P0198,HP X8Space Gray,HP,Electronics,Smart TVs,83780,67170,19.8%,517,3.2,4396,2 Years,Yes,2024-11-01
P0199,Vivo S92512GB,Vivo,Accessories,Gaming Gear,10050,8310,17.3%,93,4.8,3649,1 Year,Yes,2024-10-03
P0200,Google Neo8Gold,Google,Accessories,Microphones,10150,4390,56.7%,688,4.6,178,6 Months,Yes,2019-01-13
P0201,Lava Neo104GB,Lava,Electronics,Smartphones,13940,8470,39.2%,352,4.3,4433,1 Year,No,2019-10-10
P0202,Nothing Pro53128GB,Nothing,Electronics,Laptops,48590,22440,53.8%,784,4.2,3443,3 Years,No,2023-04-16
P0203,Vivo Plus11White,Vivo,Electronics,Tablets,29430,19400,34.1%,121,3.2,4401,6 Months,Yes,2021-07-01
P0204,Apple Pro6064GB,Apple,Electronics,Headphones,28290,17730,37.3%,388,4.6,2027,6 Months,Yes,2022-02-03
P0205,Anker A85512GB,Anker,Electronics,Earbuds,14040,10250,27.0%,784,4.9,128,2 Years,Yes,2020-02-18
P0206,Crucial Ultra77128GB,Crucial,Electronics,Speakers,22720,11920,47.5%,49,3.3,362,6 Months,Yes,2021-06-08
P0207,TCL M65128GB,TCL,Electronics,Smartwatches,19960,4440,77.8%,749,4.1,4730,3 Years,Yes,2020-08-09
P0208,Zebronics S53Red,Zebronics,Electronics,Fitness Bands,3460,1730,50.0%,62,4.0,4846,2 Years,Yes,2023-10-16
P0209,MSI A45Blue,MSI,Electronics,Monitors,49160,29980,39.0%,537,3.5,3410,6 Months,Yes,2023-03-22
P0210,Logitech Ultra31Green,Logitech,Accessories,Keyboards,3990,1410,64.7%,724,3.1,3793,1 Year,Yes,2023-09-03
P0211,MSI M50Red,MSI,Accessories,Mice,2290,700,69.4%,208,3.5,647,6 Months,Yes,2020-01-14
P0212,Razer A354GB,Razer,Accessories,Webcams,4090,3360,17.8%,619,4.1,596,2 Years,Yes,2021-06-07
P0213,Nothing Lite394GB,Nothing,Accessories,Power Banks,820,510,37.8%,194,4.9,961,6 Months,No,2021-04-17
P0214,Motorola Max428GB,Motorola,Accessories,USB Hubs,3680,1460,60.3%,389,3.8,2943,3 Years,Yes,2024-10-01
P0215,Marshall X93Gold,Marshall,Accessories,Cables,1060,840,20.8%,327,4.8,3036,3 Years,Yes,2021-06-25
P0216,Lava A341TB,Lava,Accessories,Chargers,2560,1380,46.1%,593,4.4,2418,2 Years,Yes,2021-07-31
P0217,LG S64Space Gray,LG,Storage,SSDs,10520,6260,40.5%,701,3.5,4002,6 Months,Yes,2022-12-13
P0218,Bose Max631TB,Bose,Storage,HDDs,4010,3380,15.7%,555,5.0,481,1 Year,Yes,2019-11-01
P0219,Zebronics A53128GB,Zebronics,Storage,Pen Drives,860,420,51.2%,69,4.4,74,2 Years,Yes,2023-03-09
P0220,Dell Neo62Midnight,Dell,Networking,Routers,11800,4600,61.0%,16,2.8,4519,6 Months,Yes,2024-12-08
P0221,Micromax Max3716GB,Micromax,Electronics,Printers,5560,4530,18.5%,714,4.3,1468,1 Year,No,2024-11-17
P0222,JBL S808GB,JBL,Electronics,Cameras,77000,22040,71.4%,362,3.4,3251,1 Year,Yes,2023-07-22
P0223,iQOO S90Space Gray,iQOO,Electronics,Smart TVs,41600,17830,57.1%,700,4.6,660,1 Year,Yes,2023-04-03
P0224,LG Ultra8Green,LG,Accessories,Gaming Gear,10930,450,95.9%,719,3.2,4094,6 Months,Yes,2022-09-18
P0225,Gigabyte Max6512GB,Gigabyte,Accessories,Microphones,4760,1460,69.3%,708,4.8,3895,3 Years,Yes,2019-11-01
P0226,Portronics Max7316GB,Portronics,Electronics,Smartphones,94260,7160,92.4%,183,4.8,2576,1 Year,No,2020-08-13
P0227,TCL X39White,TCL,Electronics,Laptops,46290,36480,21.2%,246,4.0,3187,3 Years,Yes,2020-07-27
P0228,Intex Max96256GB,Intex,Electronics,Tablets,57330,11520,79.9%,100,3.8,622,3 Years,Yes,2023-06-13
P0229,Itel A82,Itel,Electronics,Headphones,18410,13140,28.6%,461,3.9,2914,6 Months,Yes,2023-04-06
P0230,Lenovo Pro32Midnight,Lenovo,Electronics,Earbuds,2710,520,80.8%,274,3.1,1263,6 Months,Yes,2020-03-12
P0231,Lenovo Pro5764GB,Lenovo,Electronics,Speakers,12490,4820,61.4%,104,3.1,1535,6 Months,Yes,2024-09-29
P0232,Google A12512GB,Google,Electronics,Smartwatches,24190,18760,22.4%,95,4.1,2657,6 Months,Yes,2023-08-22
P0233,LG Max32256GB,LG,Electronics,Fitness Bands,5680,1990,65.0%,701,3.6,1137,3 Years,Yes,2024-07-12
P0234,JBL M56256GB,JBL,Electronics,Monitors,25080,11900,52.6%,306,3.9,630,3 Years,Yes,2021-10-07
P0235,Micromax Ultra77Starlight,Micromax,Accessories,Keyboards,10400,1780,82.9%,468,3.0,2495,1 Year,No,2022-09-22
P0236,Kingston Lite57White,Kingston,Accessories,Mice,3040,1940,36.2%,666,4.9,1115,3 Years,Yes,2021-04-02
P0237,Nothing M51,Nothing,Accessories,Webcams,3610,1790,50.4%,752,4.3,4022,2 Years,Yes,2022-02-22
P0238,Motorola X73Black,Motorola,Accessories,Power Banks,2340,1610,31.2%,558,3.2,4506,1 Year,No,2024-03-05
P0239,iBall Ultra384GB,iBall,Accessories,USB Hubs,3900,580,85.1%,418,4.3,1140,3 Years,Yes,2020-09-23
P0240,iBall Plus10Silver,iBall,Accessories,Cables,1020,670,34.3%,490,4.1,4377,6 Months,Yes,2023-01-12
P0241,Intex Neo82Green,Intex,Accessories,Chargers,650,240,63.1%,787,3.3,2908,2 Years,Yes,2019-07-01
P0242,Gigabyte Plus97Starlight,Gigabyte,Storage,SSDs,6930,4430,36.1%,108,2.8,2119,2 Years,Yes,2024-10-25
P0243,MSI Neo29Space Gray,MSI,Storage,HDDs,6150,3030,50.7%,400,3.8,4821,2 Years,Yes,2019-04-11
P0244,Nothing Pro54512GB,Nothing,Storage,Pen Drives,650,240,63.1%,747,3.1,2555,3 Years,Yes,2021-04-27
P0245,HyperX Lite61Blue,HyperX,Networking,Routers,2600,1500,42.3%,739,4.3,2612,1 Year,Yes,2020-04-16
P0246,Samsung X87,Samsung,Electronics,Printers,31220,8880,71.6%,758,3.3,1429,2 Years,Yes,2023-10-13
P0247,iQOO Plus818GB,iQOO,Electronics,Cameras,32180,11610,63.9%,655,4.2,3240,1 Year,Yes,2021-03-19
P0248,Vivo Plus50Space Gray,Vivo,Electronics,Smart TVs,12580,8880,29.4%,210,3.4,512,1 Year,Yes,2021-02-04
P0249,Philips S59,Philips,Accessories,Gaming Gear,2370,840,64.6%,686,4.7,4323,3 Years,Yes,2023-05-27
P0250,Corsair Lite46512GB,Corsair,Accessories,Microphones,8500,5660,33.4%,176,4.6,2436,1 Year,Yes,2022-07-06
P0251,Realme Pro158GB,Realme,Electronics,Smartphones,31990,17230,46.1%,710,3.1,3182,6 Months,Yes,2023-04-21
P0252,Oppo Ultra82,Oppo,Electronics,Laptops,95440,63440,33.5%,660,4.8,1419,2 Years,Yes,2020-07-28
P0253,Logitech Ultra80,Logitech,Electronics,Tablets,19030,15090,20.7%,367,4.9,3969,2 Years,Yes,2023-04-22
P0254,MSI Ultra53Red,MSI,Electronics,Headphones,32720,13920,57.5%,727,4.6,4003,2 Years,Yes,2019-05-07
P0255,TCL Pro58GB,TCL,Electronics,Earbuds,9300,2020,78.3%,550,3.4,3746,6 Months,Yes,2020-04-08
P0256,Gigabyte Pro70512GB,Gigabyte,Electronics,Speakers,12720,9280,27.0%,774,2.9,3615,2 Years,No,2020-02-24
P0257,Lava S39Starlight,Lava,Electronics,Smartwatches,3110,1520,51.1%,269,3.6,712,6 Months,Yes,2020-04-25
P0258,Itel S958GB,Itel,Electronics,Fitness Bands,5820,3470,40.4%,727,4.1,3507,2 Years,Yes,2021-04-26
P0259,Belkin Neo45128GB,Belkin,Electronics,Monitors,41880,14210,66.1%,611,4.0,2651,3 Years,Yes,2021-12-31
P0260,Sennheiser X18,Sennheiser,Accessories,Keyboards,7040,660,90.6%,283,4.7,1039,2 Years,Yes,2022-08-12
P0261,WD Plus63,WD,Accessories,Mice,1460,730,50.0%,642,3.7,3702,1 Year,Yes,2020-01-17
P0262,Motorola Pro89Red,Motorola,Accessories,Webcams,4020,2460,38.8%,499,3.5,20,1 Year,Yes,2024-02-21
P0263,SanDisk Lite9,SanDisk,Accessories,Power Banks,3960,1290,67.4%,439,4.6,4052,3 Years,Yes,2022-03-07
P0264,Fitbit Neo17Green,Fitbit,Accessories,USB Hubs,2820,2290,18.8%,351,4.8,396,1 Year,Yes,2024-02-26
P0265,Samsung M57512GB,Samsung,Accessories,Cables,1030,60,94.2%,438,3.2,1080,3 Years,Yes,2022-01-27
P0266,Lenovo Lite33Starlight,Lenovo,Accessories,Chargers,640,370,42.2%,680,4.8,1355,1 Year,Yes,2022-06-05
P0267,Micromax Plus848GB,Micromax,Storage,SSDs,2990,2340,21.7%,97,2.8,3906,1 Year,Yes,2021-07-15
P0268,HyperX Ultra2,HyperX,Storage,HDDs,2560,1850,27.7%,123,5.0,3459,2 Years,Yes,2021-07-26
P0269,LG X14256GB,LG,Storage,Pen Drives,1580,930,41.1%,306,3.1,1090,2 Years,Yes,2019-02-04
P0270,Kingston M57Starlight,Kingston,Networking,Routers,6750,2340,65.3%,643,4.4,3372,6 Months,Yes,2019-12-22
P0271,OnePlus X761TB,OnePlus,Electronics,Printers,28920,16080,44.4%,359,4.9,2576,2 Years,Yes,2019-12-12
P0272,WD Neo77Green,WD,Electronics,Cameras,45340,7260,84.0%,674,4.7,1683,2 Years,Yes,2022-04-25
P0273,Transcend S64128GB,Transcend,Electronics,Smart TVs,62580,15390,75.4%,246,3.9,4865,1 Year,Yes,2019-02-19
P0274,Philips M50,Philips,Accessories,Gaming Gear,14600,9610,34.2%,430,3.6,1415,6 Months,No,2019-10-26
P0275,Samsung X2Space Gray,Samsung,Accessories,Microphones,5290,1480,72.0%,40,4.8,3260,3 Years,Yes,2024-08-14
P0276,Itel Plus90Silver,Itel,Electronics,Smartphones,60730,10400,82.9%,655,4.0,1250,3 Years,Yes,2019-11-20
P0277,Sennheiser M694GB,Sennheiser,Electronics,Laptops,67830,43610,35.7%,600,4.2,541,3 Years,Yes,2021-09-04
P0278,Dell X568GB,Dell,Electronics,Tablets,27200,15430,43.3%,626,4.1,2533,2 Years,Yes,2020-07-16
P0279,Intex M6464GB,Intex,Electronics,Headphones,23220,17440,24.9%,529,4.5,2123,2 Years,Yes,2022-01-05
P0280,Micromax A43512GB,Micromax,Electronics,Earbuds,14370,4640,67.7%,536,2.9,4723,1 Year,Yes,2024-09-23
P0281,Philips Ultra73128GB,Philips,Electronics,Speakers,6170,3410,44.7%,161,3.4,842,1 Year,Yes,2024-09-15
P0282,Apple A32128GB,Apple,Electronics,Smartwatches,4010,2530,36.9%,372,3.6,1229,2 Years,No,2019-05-25
P0283,MSI Plus29Starlight,MSI,Electronics,Fitness Bands,3640,1620,55.5%,426,4.8,2620,3 Years,Yes,2023-03-08
P0284,Realme A23Red,Realme,Electronics,Monitors,21630,18180,16.0%,528,5.0,3284,1 Year,Yes,2022-03-02
P0285,Itel Lite1232GB,Itel,Accessories,Keyboards,9360,3920,58.1%,8,3.6,2388,3 Years,Yes,2021-09-20
P0286,iQOO Neo64Black,iQOO,Accessories,Mice,6630,1780,73.2%,750,4.8,2008,2 Years,Yes,2023-08-07
P0287,Samsung Max458GB,Samsung,Accessories,Webcams,6210,680,89.0%,343,2.8,3082,3 Years,Yes,2024-12-10
P0288,WD Ultra8Silver,WD,Accessories,Power Banks,1860,970,47.8%,95,2.9,1896,6 Months,Yes,2023-03-06
P0289,iQOO Neo13256GB,iQOO,Accessories,USB Hubs,2570,570,77.8%,652,4.6,613,1 Year,Yes,2020-06-19
P0290,WD Pro4132GB,WD,Accessories,Cables,900,390,56.7%,325,3.8,1913,1 Year,No,2020-07-11
P0291,Itel X20Space Gray,Itel,Accessories,Chargers,730,260,64.4%,460,3.8,3330,1 Year,Yes,2021-04-30
P0292,Vivo Ultra3432GB,Vivo,Storage,SSDs,3460,1080,68.8%,161,4.6,2492,1 Year,Yes,2022-09-04
P0293,JBL S46256GB,JBL,Storage,HDDs,5740,3600,37.3%,50,4.3,2131,2 Years,Yes,2023-07-15
P0294,Vivo Max32Green,Vivo,Storage,Pen Drives,690,420,39.1%,104,4.6,1145,1 Year,Yes,2021-06-29
P0295,MI Plus484GB,MI,Networking,Routers,11320,5880,48.1%,86,4.1,2120,1 Year,Yes,2019-09-22
P0296,Anker Ultra17Starlight,Anker,Electronics,Printers,8010,4860,39.3%,125,2.9,3776,1 Year,Yes,2023-11-10
P0297,Micromax Ultra4White,Micromax,Electronics,Cameras,58160,33460,42.5%,176,3.6,1533,3 Years,Yes,2020-08-31
P0298,Sony Neo79Midnight,Sony,Electronics,Smart TVs,44220,29210,33.9%,302,3.9,4511,6 Months,Yes,2022-02-19
P0299,LG Plus261TB,LG,Accessories,Gaming Gear,11030,8910,19.2%,255,4.2,4453,1 Year,No,2023-01-10
P0300,Nothing Ultra45Green,Nothing,Accessories,Microphones,10270,4720,54.0%,329,3.7,1473,1 Year,Yes,2021-06-16
P0301,Samsung A6116GB,Samsung,Electronics,Smartphones,77390,28420,63.3%,785,4.1,1906,2 Years,Yes,2021-09-14
P0302,Asus A98Green,Asus,Electronics,Laptops,149230,46760,68.7%,589,4.7,3181,3 Years,No,2020-12-12
P0303,Logitech Neo418GB,Logitech,Electronics,Tablets,59030,46770,20.8%,28,4.3,2880,2 Years,Yes,2021-02-10
P0304,Marshall Pro23Green,Marshall,Electronics,Headphones,32640,1540,95.3%,92,2.9,4928,2 Years,Yes,2024-05-11
P0305,Apple Neo26,Apple,Electronics,Earbuds,4570,1580,65.4%,734,3.2,2650,1 Year,Yes,2020-08-03
P0306,Itel Max47512GB,Itel,Electronics,Speakers,3080,1930,37.3%,721,4.9,3240,1 Year,Yes,2022-08-14
P0307,MI Plus82,MI,Electronics,Smartwatches,32930,21870,33.6%,324,3.2,4603,3 Years,Yes,2020-12-19
P0308,LG Pro1732GB,LG,Electronics,Fitness Bands,2450,600,75.5%,718,4.9,3207,1 Year,Yes,2022-07-27
P0309,Kingston Neo148GB,Kingston,Electronics,Monitors,39520,9610,75.7%,339,4.4,1949,3 Years,No,2020-11-18
P0310,SanDisk Lite58256GB,SanDisk,Accessories,Keyboards,480,250,47.9%,214,3.3,555,3 Years,Yes,2020-03-18
P0311,Micromax A5064GB,Micromax,Accessories,Mice,3890,3180,18.3%,429,4.9,3391,6 Months,Yes,2022-12-09
P0312,Razer X62White,Razer,Accessories,Webcams,7460,2450,67.2%,166,3.8,273,3 Years,Yes,2021-12-05
P0313,OnePlus Lite22256GB,OnePlus,Accessories,Power Banks,3770,1060,71.9%,749,3.0,762,3 Years,Yes,2024-05-31
P0314,iBall Plus8464GB,iBall,Accessories,USB Hubs,1170,920,21.4%,444,3.1,829,3 Years,Yes,2021-02-17
P0315,Google Max34Green,Google,Accessories,Cables,1450,350,75.9%,304,3.3,406,6 Months,Yes,2024-07-03
P0316,JBL Lite1128GB,JBL,Accessories,Chargers,2050,360,82.4%,301,4.6,4916,6 Months,Yes,2019-04-16
P0317,Belkin Pro11,Belkin,Storage,SSDs,9260,7810,15.7%,118,3.5,3256,6 Months,Yes,2021-12-21
P0318,Lenovo Max50Starlight,Lenovo,Storage,HDDs,4010,2260,43.6%,390,3.6,3651,1 Year,Yes,2024-03-19
P0319,Seagate Pro738GB,Seagate,Storage,Pen Drives,550,260,52.7%,770,4.3,792,1 Year,Yes,2023-08-23
P0320,TCL S71Space Gray,TCL,Networking,Routers,2000,1390,30.5%,535,3.7,4386,6 Months,Yes,2021-08-23
P0321,Nothing X5132GB,Nothing,Electronics,Printers,34580,4640,86.6%,514,4.1,4233,2 Years,Yes,2024-01-14
P0322,Logitech S25,Logitech,Electronics,Cameras,24540,6200,74.7%,433,3.0,3566,2 Years,No,2020-08-28
P0323,Crucial Lite9416GB,Crucial,Electronics,Smart TVs,117820,16780,85.8%,89,3.7,3255,3 Years,Yes,2024-10-29
P0324,iQOO Neo7664GB,iQOO,Accessories,Gaming Gear,9060,6700,26.0%,429,3.0,1225,2 Years,Yes,2020-02-15
P0325,OnePlus X37Space Gray,OnePlus,Accessories,Microphones,9770,7810,20.1%,352,4.7,2163,6 Months,Yes,2024-04-21
P0326,Sony Pro52,Sony,Electronics,Smartphones,26860,18160,32.4%,39,3.7,2715,2 Years,Yes,2024-04-30
P0327,Asus A44Black,Asus,Electronics,Laptops,132140,57720,56.3%,318,3.4,4027,1 Year,No,2021-07-22
P0328,MI Ultra4232GB,MI,Electronics,Tablets,47310,31880,32.6%,426,4.1,731,2 Years,Yes,2023-07-26
P0329,Lava Max48Blue,Lava,Electronics,Headphones,4180,2410,42.3%,162,2.9,4151,6 Months,Yes,2024-11-17
P0330,Gigabyte M2564GB,Gigabyte,Electronics,Earbuds,6880,650,90.6%,255,2.9,414,3 Years,Yes,2022-01-27
P0331,Philips Max51Gold,Philips,Electronics,Speakers,21520,2430,88.7%,697,2.9,3051,6 Months,Yes,2020-12-28
P0332,Nothing Max45Space Gray,Nothing,Electronics,Smartwatches,23560,5960,74.7%,264,4.4,740,3 Years,Yes,2019-07-23
P0333,Bose S29Space Gray,Bose,Electronics,Fitness Bands,6300,2440,61.3%,693,3.3,3354,1 Year,Yes,2019-02-06
P0334,Nothing M771TB,Nothing,Electronics,Monitors,59480,5550,90.7%,229,3.4,2502,3 Years,Yes,2023-03-23
P0335,Garmin Pro28Gold,Garmin,Accessories,Keyboards,7940,2660,66.5%,693,3.9,3253,1 Year,Yes,2023-03-13
P0336,MSI Neo78Starlight,MSI,Accessories,Mice,2610,790,69.7%,700,3.0,522,3 Years,No,2022-08-24
P0337,Asus Pro2516GB,Asus,Accessories,Webcams,2230,1660,25.6%,783,3.3,465,6 Months,Yes,2020-07-27
P0338,Micromax Ultra3864GB,Micromax,Accessories,Power Banks,2820,2260,19.9%,428,3.7,289,2 Years,Yes,2021-06-29
P0339,Portronics Ultra86Green,Portronics,Accessories,USB Hubs,1970,1340,32.0%,307,4.7,4573,2 Years,Yes,2024-04-12
P0340,MI Max9816GB,MI,Accessories,Cables,470,230,51.1%,670,3.0,2910,2 Years,Yes,2022-06-11
P0341,Google Lite34,Google,Accessories,Chargers,2700,780,71.1%,474,4.7,3854,1 Year,Yes,2019-10-19
P0342,Nothing Max164GB,Nothing,Storage,SSDs,12650,7150,43.5%,542,3.5,442,2 Years,Yes,2021-03-31
P0343,Fitbit Neo59Silver,Fitbit,Storage,HDDs,3670,2150,41.4%,732,3.2,662,6 Months,Yes,2020-12-25
P0344,boAt A1Starlight,boAt,Storage,Pen Drives,2150,740,65.6%,214,4.5,1381,2 Years,Yes,2019-12-27
P0345,MI Plus82Midnight,MI,Networking,Routers,8030,3900,51.4%,439,4.9,3140,1 Year,Yes,2021-03-27
P0346,Micromax A42Black,Micromax,Electronics,Printers,29800,20900,29.9%,195,2.8,33,2 Years,Yes,2022-11-11
P0347,Noise X501TB,Noise,Electronics,Cameras,73970,44080,40.4%,313,3.2,374,3 Years,No,2024-02-11
P0348,Micromax Neo68Red,Micromax,Electronics,Smart TVs,56280,36420,35.3%,703,5.0,2807,6 Months,Yes,2021-02-10
P0349,Bose A30White,Bose,Accessories,Gaming Gear,4170,3280,21.3%,134,3.3,179,2 Years,Yes,2019-06-03
P0350,LG Pro99Starlight,LG,Accessories,Microphones,9760,5700,41.6%,49,4.1,392,1 Year,Yes,2019-03-22
P0351,Dell Plus57512GB,Dell,Electronics,Smartphones,57840,13100,77.4%,560,3.4,1254,2 Years,Yes,2019-02-08
P0352,Noise X85Silver,Noise,Electronics,Laptops,93200,35690,61.7%,637,4.1,1123,6 Months,Yes,2020-03-05
P0353,Sennheiser X37Midnight,Sennheiser,Electronics,Tablets,26940,20860,22.6%,108,3.9,4988,2 Years,Yes,2024-11-12
P0354,Anker Plus38Black,Anker,Electronics,Headphones,11010,940,91.5%,561,3.9,1701,6 Months,Yes,2019-01-12
P0355,Apple X15,Apple,Electronics,Earbuds,19110,11140,41.7%,505,3.1,737,1 Year,Yes,2020-02-19
P0356,Seagate S59Starlight,Seagate,Electronics,Speakers,10400,4730,54.5%,475,2.9,1431,1 Year,Yes,2023-01-15
P0357,Portronics Plus95,Portronics,Electronics,Smartwatches,8590,1380,83.9%,776,4.8,79,2 Years,Yes,2020-11-29
P0358,Fitbit Ultra80Black,Fitbit,Electronics,Fitness Bands,3200,980,69.4%,381,4.6,1498,1 Year,Yes,2024-02-13
P0359,Asus Ultra54White,Asus,Electronics,Monitors,49520,15930,67.8%,115,3.1,480,2 Years,Yes,2024-05-31
P0360,Gigabyte Ultra24,Gigabyte,Accessories,Keyboards,10310,3290,68.1%,797,3.6,236,2 Years,Yes,2024-06-22
P0361,Realme Ultra6Silver,Realme,Accessories,Mice,820,450,45.1%,670,3.5,4299,2 Years,No,2022-10-17
P0362,HyperX Neo13Red,HyperX,Accessories,Webcams,4540,3310,27.1%,744,3.3,2832,6 Months,Yes,2019-08-12
P0363,Apple M65Starlight,Apple,Accessories,Power Banks,4540,2430,46.5%,169,3.0,4027,3 Years,Yes,2022-02-13
P0364,Dell S71Red,Dell,Accessories,USB Hubs,3130,1850,40.9%,412,4.6,645,6 Months,Yes,2024-01-10
P0365,Lenovo Ultra41Blue,Lenovo,Accessories,Cables,340,190,44.1%,763,4.2,840,6 Months,Yes,2019-01-01
P0366,Lenovo Neo82Midnight,Lenovo,Accessories,Chargers,1550,1220,21.3%,575,3.3,3737,3 Years,Yes,2019-08-11
P0367,TP-Link Lite72Gold,TP-Link,Storage,SSDs,14070,8650,38.5%,733,4.2,3707,1 Year,Yes,2021-06-27
P0368,Apple Lite82,Apple,Storage,HDDs,4890,3740,23.5%,534,3.6,870,1 Year,Yes,2024-07-09
P0369,MI X33Silver,MI,Storage,Pen Drives,2800,580,79.3%,192,3.1,3218,2 Years,Yes,2021-02-19
P0370,iBall X97,iBall,Networking,Routers,7790,980,87.4%,648,4.6,4823,1 Year,Yes,2024-01-20
P0371,iQOO Neo65,iQOO,Electronics,Printers,9410,7590,19.3%,4,4.0,397,6 Months,Yes,2024-06-01
P0372,Sennheiser Neo23,Sennheiser,Electronics,Cameras,24830,7200,71.0%,396,4.2,4965,3 Years,Yes,2023-04-25
P0373,Google S36Midnight,Google,Electronics,Smart TVs,64150,30470,52.5%,301,3.8,1092,2 Years,Yes,2024-09-29
P0374,Noise Lite92Green,Noise,Accessories,Gaming Gear,12570,9370,25.5%,647,3.3,1717,3 Years,Yes,2020-06-27
P0375,iBall M65Starlight,iBall,Accessories,Microphones,9890,6290,36.4%,652,3.5,945,3 Years,Yes,2023-09-06
P0376,Portronics Pro55Green,Portronics,Electronics,Smartphones,9670,7140,26.2%,109,2.9,1190,1 Year,Yes,2021-03-29
P0377,Asus Pro88,Asus,Electronics,Laptops,57840,22800,60.6%,63,4.3,2417,2 Years,Yes,2019-05-13
P0378,Garmin X79Gold,Garmin,Electronics,Tablets,41400,32330,21.9%,662,4.0,1946,3 Years,Yes,2019-07-12
P0379,LG Plus88White,LG,Electronics,Headphones,20990,2060,90.2%,13,4.4,1663,6 Months,Yes,2023-02-15
P0380,TCL Max95Space Gray,TCL,Electronics,Earbuds,6740,1760,73.9%,301,3.8,610,2 Years,No,2024-10-05
P0381,Realme A55White,Realme,Electronics,Speakers,9840,4960,49.6%,270,3.1,4784,3 Years,Yes,2024-03-25
P0382,iBall A201TB,iBall,Electronics,Smartwatches,22140,2270,89.7%,792,4.9,2467,6 Months,Yes,2023-01-06
P0383,HP Max29,HP,Electronics,Fitness Bands,2500,1670,33.2%,69,4.5,1305,6 Months,Yes,2023-07-11
P0384,Lenovo S28Black,Lenovo,Electronics,Monitors,50470,26750,47.0%,339,3.6,1789,6 Months,No,2019-02-06
P0385,Realme Lite58,Realme,Accessories,Keyboards,4240,2810,33.7%,628,4.8,1997,1 Year,Yes,2022-08-07
P0386,LG Plus33512GB,LG,Accessories,Mice,4720,3140,33.5%,289,2.9,4234,3 Years,Yes,2024-09-14
P0387,Vivo A38Blue,Vivo,Accessories,Webcams,6340,2180,65.6%,328,3.9,786,2 Years,No,2024-12-24
P0388,Apple X27Starlight,Apple,Accessories,Power Banks,2440,1800,26.2%,434,4.6,1684,6 Months,Yes,2019-10-23
P0389,Lava M4,Lava,Accessories,USB Hubs,2380,1770,25.6%,339,2.9,600,1 Year,Yes,2021-10-28
P0390,MSI Neo30256GB,MSI,Accessories,Cables,630,270,57.1%,397,3.8,3313,6 Months,Yes,2023-05-15
P0391,Portronics Max1512GB,Portronics,Accessories,Chargers,2930,1660,43.3%,633,2.9,4797,1 Year,Yes,2019-10-25
P0392,Garmin X38Red,Garmin,Storage,SSDs,14390,5840,59.4%,621,3.0,3585,6 Months,Yes,2019-05-07
P0393,Nothing Max29,Nothing,Storage,HDDs,3620,3030,16.3%,400,4.6,4470,3 Years,No,2020-08-13
P0394,Noise Lite2,Noise,Storage,Pen Drives,2570,1320,48.6%,144,3.1,41,6 Months,Yes,2019-12-15
P0395,Noise Lite284GB,Noise,Networking,Routers,7760,5890,24.1%,524,3.1,1507,2 Years,Yes,2021-11-01
P0396,Anker M86512GB,Anker,Electronics,Printers,31200,22090,29.2%,55,4.7,4496,6 Months,Yes,2019-10-27
P0397,Acer X33,Acer,Electronics,Cameras,20870,8730,58.2%,743,4.1,2710,3 Years,Yes,2021-08-18
P0398,OnePlus Neo932GB,OnePlus,Electronics,Smart TVs,37360,18410,50.7%,497,3.8,2504,2 Years,Yes,2023-02-01
P0399,boAt M1Silver,boAt,Accessories,Gaming Gear,5630,2320,58.8%,226,4.4,3572,3 Years,Yes,2020-07-04
P0400,Portronics Ultra60,Portronics,Accessories,Microphones,8300,3540,57.3%,793,3.5,4519,1 Year,Yes,2019-12-02
P0401,Asus Max261TB,Asus,Electronics,Smartphones,42500,29040,31.7%,641,3.0,617,1 Year,Yes,2019-05-08
P0402,Corsair Plus99Space Gray,Corsair,Electronics,Laptops,102340,45890,55.2%,37,4.0,4452,6 Months,Yes,2020-08-31
P0403,Philips S99White,Philips,Electronics,Tablets,50140,16770,66.6%,475,3.9,741,6 Months,Yes,2019-02-13
P0404,Zebronics Neo888GB,Zebronics,Electronics,Headphones,11370,8720,23.3%,143,3.8,1467,2 Years,Yes,2024-06-03
P0405,Garmin S98128GB,Garmin,Electronics,Earbuds,16280,3980,75.6%,64,3.4,1917,1 Year,Yes,2024-10-22
P0406,Philips Ultra59White,Philips,Electronics,Speakers,2220,480,78.4%,664,3.5,4271,3 Years,Yes,2021-12-14
P0407,Corsair Neo23Green,Corsair,Electronics,Smartwatches,25680,13000,49.4%,374,4.1,637,3 Years,Yes,2021-07-01
P0408,HyperX Lite45White,HyperX,Electronics,Fitness Bands,4990,3850,22.8%,493,4.8,54,2 Years,Yes,2021-07-31
P0409,HP Pro28Red,HP,Electronics,Monitors,16850,8060,52.2%,161,3.6,969,2 Years,Yes,2022-09-14
P0410,Micromax Ultra87512GB,Micromax,Accessories,Keyboards,8140,4100,49.6%,215,4.1,3366,1 Year,Yes,2020-06-07
P0411,Gigabyte M18Space Gray,Gigabyte,Accessories,Mice,5460,4380,19.8%,40,4.8,1203,1 Year,Yes,2021-01-07
P0412,HyperX Neo73White,HyperX,Accessories,Webcams,6220,750,87.9%,736,4.4,2322,1 Year,Yes,2024-04-14
P0413,Nothing S53,Nothing,Accessories,Power Banks,1870,770,58.8%,638,4.3,2166,2 Years,Yes,2022-11-04
P0414,iQOO Neo9Midnight,iQOO,Accessories,USB Hubs,1440,690,52.1%,394,3.1,135,2 Years,Yes,2024-08-27
P0415,Portronics M78Silver,Portronics,Accessories,Cables,300,100,66.7%,487,4.8,4913,1 Year,Yes,2024-12-16
P0416,Sennheiser X62512GB,Sennheiser,Accessories,Chargers,3000,450,85.0%,617,4.0,9,6 Months,Yes,2023-02-26
P0417,Sony Plus30Red,Sony,Storage,SSDs,14640,8800,39.9%,787,3.6,4825,1 Year,Yes,2021-11-08
P0418,Nothing X378GB,Nothing,Storage,HDDs,7400,3730,49.6%,418,3.4,44,1 Year,Yes,2020-04-27
P0419,HyperX Plus8464GB,HyperX,Storage,Pen Drives,1140,880,22.8%,323,3.7,873,2 Years,Yes,2021-11-04
P0420,Seagate Plus73Green,Seagate,Networking,Routers,6990,5610,19.7%,282,5.0,3255,2 Years,Yes,2024-05-30
P0421,Logitech Max72Black,Logitech,Electronics,Printers,20850,7660,63.3%,314,4.1,3261,2 Years,Yes,2020-05-02
P0422,Lava Ultra908GB,Lava,Electronics,Cameras,29210,8780,69.9%,219,3.9,2772,1 Year,Yes,2019-01-22
P0423,Lenovo Ultra771TB,Lenovo,Electronics,Smart TVs,69060,13780,80.0%,65,3.4,3037,1 Year,Yes,2023-04-24
P0424,Motorola Max37Midnight,Motorola,Accessories,Gaming Gear,12160,1240,89.8%,792,4.6,4049,6 Months,Yes,2024-10-23
P0425,Acer A774GB,Acer,Accessories,Microphones,9360,4820,48.5%,715,3.3,1388,1 Year,Yes,2019-01-02
P0426,Bose Pro52256GB,Bose,Electronics,Smartphones,54280,30900,43.1%,415,4.1,4241,1 Year,Yes,2019-10-09
P0427,Lenovo Pro93Green,Lenovo,Electronics,Laptops,133760,91280,31.8%,596,3.6,2265,2 Years,Yes,2021-03-07
P0428,iQOO Neo1White,iQOO,Electronics,Tablets,46220,13740,70.3%,416,3.9,4576,1 Year,Yes,2022-10-24
P0429,Realme Pro69Red,Realme,Electronics,Headphones,16890,11670,30.9%,453,4.9,4613,6 Months,Yes,2022-10-23
P0430,Itel Ultra76Gold,Itel,Electronics,Earbuds,1200,670,44.2%,119,3.4,3134,2 Years,Yes,2021-07-30
P0431,boAt Lite67Silver,boAt,Electronics,Speakers,18250,560,96.9%,717,4.6,2033,3 Years,Yes,2022-11-01
P0432,HP M61Green,HP,Electronics,Smartwatches,21570,12180,43.5%,223,4.8,2204,2 Years,No,2021-02-17
P0433,Marshall S954GB,Marshall,Electronics,Fitness Bands,2980,2390,19.8%,271,3.3,1661,2 Years,Yes,2022-12-29
P0434,JBL X11512GB,JBL,Electronics,Monitors,51290,37290,27.3%,628,2.8,4435,1 Year,Yes,2023-03-01
P0435,Kingston Ultra74,Kingston,Accessories,Keyboards,4800,2190,54.4%,187,5.0,4187,3 Years,Yes,2020-06-09
P0436,Dell Plus62Red,Dell,Accessories,Mice,8000,4610,42.4%,33,3.9,3225,2 Years,Yes,2020-05-08
P0437,Intex Ultra41Red,Intex,Accessories,Webcams,6640,670,89.9%,12,4.3,3108,1 Year,Yes,2021-11-29
P0438,Logitech Pro31Green,Logitech,Accessories,Power Banks,2900,2330,19.7%,627,3.6,1506,6 Months,Yes,2023-09-13
P0439,Intex Lite52Black,Intex,Accessories,USB Hubs,1640,1220,25.6%,184,4.1,4717,2 Years,Yes,2022-01-10
P0440,WD Plus49Green,WD,Accessories,Cables,500,130,74.0%,756,3.1,79,2 Years,Yes,2020-07-04
P0441,SanDisk Max93Red,SanDisk,Accessories,Chargers,1590,1180,25.8%,307,3.4,4651,1 Year,Yes,2020-10-31
P0442,Dell Pro614GB,Dell,Storage,SSDs,11820,2480,79.0%,460,4.4,2128,3 Years,Yes,2021-11-21
P0443,Garmin Plus1664GB,Garmin,Storage,HDDs,5380,4280,20.4%,620,3.2,4717,2 Years,No,2022-03-11
P0444,Garmin Max63,Garmin,Storage,Pen Drives,2130,340,84.0%,390,4.2,3799,2 Years,Yes,2022-10-13
P0445,Google Neo74Starlight,Google,Networking,Routers,7630,1180,84.5%,81,3.2,1869,3 Years,Yes,2022-04-08
P0446,iBall Neo8316GB,iBall,Electronics,Printers,17960,7940,55.8%,455,4.5,2975,6 Months,Yes,2021-01-23
P0447,Samsung S851TB,Samsung,Electronics,Cameras,40980,29880,27.1%,717,4.4,1725,2 Years,Yes,2020-01-27
P0448,HP Max7Blue,HP,Electronics,Smart TVs,15460,11250,27.2%,536,4.5,681,1 Year,Yes,2020-09-28
P0449,Lenovo Plus40Starlight,Lenovo,Accessories,Gaming Gear,4260,1310,69.2%,755,3.4,1035,2 Years,Yes,2020-11-29
P0450,Samsung Lite42128GB,Samsung,Accessories,Microphones,8800,4430,49.7%,553,4.9,4493,6 Months,Yes,2020-12-26
P0451,Corsair Ultra81Midnight,Corsair,Electronics,Smartphones,91340,62490,31.6%,577,3.8,4372,3 Years,No,2024-05-26
P0452,Razer X578GB,Razer,Electronics,Laptops,65350,41970,35.8%,422,3.4,2486,1 Year,Yes,2020-07-12
P0453,Garmin Ultra6932GB,Garmin,Electronics,Tablets,13090,10820,17.3%,503,4.9,3908,3 Years,Yes,2023-10-30
P0454,Acer S1Midnight,Acer,Electronics,Headphones,24990,6480,74.1%,421,4.7,3580,6 Months,Yes,2023-05-16
P0455,LG Pro118GB,LG,Electronics,Earbuds,14130,10420,26.3%,245,3.9,2227,3 Years,Yes,2024-12-18
P0456,Asus S9Silver,Asus,Electronics,Speakers,6680,1520,77.2%,296,3.0,3730,6 Months,Yes,2024-07-08
P0457,Anker A20,Anker,Electronics,Smartwatches,4250,2790,34.4%,22,3.2,837,3 Years,Yes,2023-12-01
P0458,Micromax S1264GB,Micromax,Electronics,Fitness Bands,2230,630,71.7%,505,3.3,3442,3 Years,Yes,2024-08-03
P0459,Philips A43Gold,Philips,Electronics,Monitors,12260,6200,49.4%,57,3.4,3214,1 Year,Yes,2021-01-13
P0460,Anker Plus216GB,Anker,Accessories,Keyboards,2300,1750,23.9%,731,3.3,3628,2 Years,Yes,2019-05-18
P0461,Anker X67Gold,Anker,Accessories,Mice,5750,1890,67.1%,484,3.7,2556,3 Years,Yes,2019-06-22
P0462,Lava Max16Green,Lava,Accessories,Webcams,3070,1580,48.5%,653,3.5,2952,1 Year,Yes,2021-06-11
P0463,Realme Plus428GB,Realme,Accessories,Power Banks,820,480,41.5%,282,4.1,3242,2 Years,Yes,2019-06-22
P0464,Corsair Neo20Blue,Corsair,Accessories,USB Hubs,2020,480,76.2%,254,3.1,748,3 Years,No,2019-09-03
P0465,Dell M90Black,Dell,Accessories,Cables,1200,870,27.5%,109,3.1,1906,3 Years,No,2022-11-23
P0466,Vivo A894GB,Vivo,Accessories,Chargers,1850,910,50.8%,741,3.1,323,6 Months,Yes,2022-04-22
P0467,Razer S73Blue,Razer,Storage,SSDs,4560,3130,31.4%,356,3.5,3837,3 Years,Yes,2020-10-18
P0468,HP M58Red,HP,Storage,HDDs,4920,2580,47.6%,554,3.6,5,6 Months,Yes,2019-03-18
P0469,Kingston Neo31Black,Kingston,Storage,Pen Drives,1610,310,80.7%,674,4.9,3174,2 Years,Yes,2024-07-30
P0470,Itel M79Green,Itel,Networking,Routers,5640,3240,42.6%,419,4.2,904,1 Year,Yes,2019-10-01
P0471,Sony M51TB,Sony,Electronics,Printers,11620,4380,62.3%,497,3.2,260,6 Months,Yes,2024-11-23
P0472,Kingston Pro7Space Gray,Kingston,Electronics,Cameras,56020,19960,64.4%,620,4.4,107,2 Years,Yes,2019-11-24
P0473,iQOO A47Starlight,iQOO,Electronics,Smart TVs,85140,56720,33.4%,425,4.6,477,3 Years,Yes,2019-10-16
P0474,Noise S67256GB,Noise,Accessories,Gaming Gear,2090,510,75.6%,742,3.3,3156,2 Years,Yes,2021-10-15
P0475,Gigabyte M72Starlight,Gigabyte,Accessories,Microphones,10140,4000,60.6%,764,3.0,4723,3 Years,Yes,2023-10-16
P0476,OnePlus M71,OnePlus,Electronics,Smartphones,60630,38080,37.2%,345,4.2,4373,6 Months,No,2022-07-14
P0477,MSI Lite53,MSI,Electronics,Laptops,125160,101000,19.3%,440,4.6,2649,2 Years,Yes,2021-05-26
P0478,LG Pro47Green,LG,Electronics,Tablets,71300,37330,47.6%,406,2.8,283,3 Years,Yes,2024-10-21
P0479,MI A3932GB,MI,Electronics,Headphones,15040,3820,74.6%,322,2.8,2260,2 Years,Yes,2024-02-29
P0480,Garmin M341TB,Garmin,Electronics,Earbuds,12330,9720,21.2%,255,3.3,2460,1 Year,Yes,2021-06-09
P0481,Micromax Lite62256GB,Micromax,Electronics,Speakers,6360,4400,30.8%,706,4.3,781,3 Years,Yes,2023-04-12
P0482,Lenovo Lite45128GB,Lenovo,Electronics,Smartwatches,54550,29060,46.7%,426,4.8,987,2 Years,Yes,2019-02-16
P0483,SanDisk Plus7Starlight,SanDisk,Electronics,Fitness Bands,3500,2750,21.4%,42,3.5,4627,2 Years,Yes,2021-06-23
P0484,JBL Plus58128GB,JBL,Electronics,Monitors,56340,38080,32.4%,92,3.3,2373,6 Months,Yes,2022-10-08
P0485,Lenovo Neo96Blue,Lenovo,Accessories,Keyboards,1110,740,33.3%,408,3.4,3264,6 Months,Yes,2020-06-18
P0486,TCL Ultra721TB,TCL,Accessories,Mice,1920,1180,38.5%,404,4.2,1606,2 Years,Yes,2021-12-26
P0487,Itel Lite88Silver,Itel,Accessories,Webcams,5720,1330,76.7%,115,4.3,3469,3 Years,Yes,2022-08-06
P0488,Garmin A99Midnight,Garmin,Accessories,Power Banks,3200,1090,65.9%,358,4.2,3622,2 Years,Yes,2021-08-14
P0489,Anker Lite20,Anker,Accessories,USB Hubs,3600,650,81.9%,115,4.4,1991,2 Years,Yes,2022-03-24
P0490,Apple X40,Apple,Accessories,Cables,1020,540,47.1%,23,3.5,4407,2 Years,Yes,2024-11-13
P0491,TCL Max6216GB,TCL,Accessories,Chargers,2850,1670,41.4%,144,4.3,150,6 Months,Yes,2024-11-27
P0492,Sony M816GB,Sony,Storage,SSDs,6150,2540,58.7%,713,4.2,434,6 Months,Yes,2019-02-04
P0493,HP Pro85White,HP,Storage,HDDs,7910,2980,62.3%,110,2.8,3166,2 Years,No,2024-09-13
P0494,iBall Lite63512GB,iBall,Storage,Pen Drives,2740,1270,53.6%,90,3.2,4101,6 Months,Yes,2019-03-30
P0495,Sony Max408GB,Sony,Networking,Routers,6460,4610,28.6%,402,4.4,150,3 Years,Yes,2022-12-26
P0496,SanDisk S6532GB,SanDisk,Electronics,Printers,14040,4520,67.8%,640,3.4,3171,1 Year,No,2022-02-21
P0497,TP-Link Lite511TB,TP-Link,Electronics,Cameras,25990,8380,67.8%,747,3.6,1863,6 Months,Yes,2020-09-17
P0498,Oppo Neo4332GB,Oppo,Electronics,Smart TVs,70870,43540,38.6%,134,3.3,1135,2 Years,Yes,2022-06-19
P0499,Intex M56Red,Intex,Accessories,Gaming Gear,13120,2680,79.6%,671,4.9,1294,3 Years,Yes,2024-12-23
P0500,Micromax M41512GB,Micromax,Accessories,Microphones,3380,720,78.7%,783,3.5,3391,6 Months,Yes,2022-01-26
